Actor,Count
Labor Group (United States),218
Government of the United States (2021-),172
Democratic Party,164
Students (United States),139
Women (United States),130
Service Employees International Union,91
Health Workers (United States),87
Teachers (United States),77
African American Group (United States),58
Communications Workers of America,47
Tuesdays with Toomey,39
LGBTQ+ (United States),30
Christian Group (United States),29
"American Federation of State, County and Municipal Employees",28
Ukrainian Group (United States),28
Latin American Group (United States),25
Protestant Christian Group (United States),22
Republican Party,21
Black Lives Matter,19
American Federation of Labor and Congress of Industrial Organizations,19
Catholic Christian Group (United States),18
Planned Parenthood,18
International Brotherhood of Teamsters,18
March for Our Lives,16
American Federation of Teachers,16
National Association for the Advancement of Colored People,15
Jewish Group (United States),14
Democratic Socialists of America,13
Starbucks Workers United,12
Interfaith Group (United States),12
CASA,12
Lawyers (United States),11
Make the Road Action,11
Asian American Group (United States),11
Party for Socialism and Liberation,11
Indivisible Movement,10
Working Families Party,10
Former Government of the United States (2021-),10
United Steelworkers,9
MoveOn,9
UltraViolet,9
Socialist Alternative Party,8
Russian Group (United States),8
Belarusian Group (United States),5
People for the Ethical Treatment of Animals,5
Moms Demand Action for Gun Sense in America,5
Unitarian Universalist Group (United States),5
Police Forces of the United States (2021-),5
Former Military Forces of the United States (2021-),5
Polish Group (United States),5
Green Party of the United States,5
Young Women's Christian Association,4
Pacific Islander Group (United States),4
United Food and Commercial Workers,4
Iranian Group (United States),4
Sunrise Movement,4
Food Not Bombs,4
National Education Association,4
American Civil Liberties Union,3
Rise Up 4 Abortion Rights,3
White Lives Matter,3
Communist Party of the United States of America,3
Protesters (Ukraine),3
Anarchist Group (United States),3
Lithuanian Group (United States),3
United Mine Workers of America,2
CodePink,2
Georgian Group (United States),2
National Nurses United,2
"International Alliance of Theatrical Stage Employees, Moving Picture Technicians, Artists and Allied Crafts of the United States",2
Korean Group (United States),2
Palestinian Group (United States),2
Native American Group (United States),2
Journalists (United States),2
Students for Life of America,2
"United Electrical, Radio and Machine Workers of America",2
We the People,2
Our Revolution,2
Amalgamated Transit Union,2
Proud Boys,2
TFP Student Action,2
League of Women Voters,2
Unite Here,2
Students (Ukraine),2
Libertarian Party,1
South Sudanese Group (United States),1
Sri Lankan Group (United States),1
Farmers (United States),1
Students Demand Action,1
CASA In Action,1
Boogaloo Boys,1
New Black Panther Party,1
Migrants (Venezuela),1
Antifa (United States),1
American Friends Service Committee,1
Sierra Club,1
Extinction Rebellion,1
3/20 Coalition,1
Students (Iran),1
Protesters (Iran),1
Council on American-Islamic Relations,1
Civilians (United States),1
Students (China),1
Protesters (Venezuela),1
Protesters (China),1
Chinese Group (United States),1
Rise Above Movement,1
Muslim Group (United States),1
Prisoners (United States),1
Association of Flight Attendants,1
Airport Workers United,1
Government of Ukraine (2019-),1
Bhutanese Group (United States),1
Poor People's Campaign,1
Latvian Group (United States),1
Students (Kosovo),1
Tax March Tax the Rich,1
Transport Workers Union of America,1
Industrial Workers of the World,1
American Association of University Professors,1
United Automobile Workers,1
Vietnamese Group (United States),1
Estonian Group (United States),1
Azerbaijani Ethnic Group (United States),1
Act Now to Stop War and End Racism,1
American Federation of Government Employees,1
Florida Rising,1
Navajo Tribal Group (United States),1
Lummi Tribal Group (United States),1
Students (International),1
Protesters (International),1
Jobs with Justice,1
Iron City Citizen Response Unit,1
Three Percenters (III%),1
Government of Maldives (2018-),1
Students (Lithuania),1
Protesters (Kosovo),1
Protesters (Lithuania),1
Protesters (Poland),1
Women's International League for Peace and Freedom,1
AIDS Coalition to Unleash Power,1
Veterans for Peace,1
1776 Restoration Movement,1
Filipino Group (United States),1
Anakbayan,1
Workers World Party,1
IfNotNow,1
Private Security Forces (United States),1
Everytown for Gun Safety,1
Abolish ICE,1
