ZCTA,event_MY,admin2,fatalities,act_gov,act_pol,act_nat,act_rel,act_edu,act_wor,act_iss,act_rwm,act_oth,set_peaceful_prot,set_other,set_prot_int,set_mob,set_violent_prot,set_loot_destr,event_count
15001,2022-01,Beaver,0,0,0,0,0,0,0,0,0,0,1,0,0,0,0,0,1
15001,2022-02,Beaver,0,0,0,0,0,0,0,0,0,0,0,0,0,0,0,0,0
15001,2022-03,Beaver,0,0,0,0,0,0,0,0,0,0,0,0,0,0,0,0,0
15001,2022-04,Beaver,0,0,0,0,0,0,0,0,0,0,0,0,0,0,0,0,0
15001,2022-05,Beaver,0,0,0,0,0,0,0,0,0,0,0,0,0,0,0,0,0
15001,2022-06,Beaver,0,0,0,0,0,0,0,0,0,0,0,0,0,0,0,0,0
15001,2022-07,Beaver,0,0,0,0,0,0,0,0,0,0,0,0,0,0,0,0,0
15001,2022-08,Beaver,0,0,0,0,0,0,0,0,0,0,0,0,0,0,0,0,0
15001,2022-09,Beaver,0,1,1,0,0,0,0,0,0,0,1,0,0,0,0,0,1
15001,2022-10,Beaver,0,0,0,0,0,0,0,0,0,0,0,0,0,0,0,0,0
15001,2022-11,Beaver,0,0,0,0,0,0,0,0,0,0,0,0,0,0,0,0,0
15001,2022-12,Beaver,0,0,0,0,0,0,0,0,0,0,0,0,0,0,0,0,0
15009,2022-01,Beaver,0,0,0,0,0,0,0,0,0,0,0,0,0,0,0,0,0
15009,2022-02,Beaver,0,0,0,0,0,0,0,0,0,0,0,0,0,0,0,0,0
15009,2022-03,Beaver,0,0,0,0,0,0,0,0,0,0,0,0,0,0,0,0,0
15009,2022-04,Beaver,0,0,0,0,0,0,0,0,0,0,0,0,0,0,0,0,0
15009,2022-05,Beaver,0,0,0,0,0,0,0,0,0,0,0,0,0,0,0,0,0
15009,2022-06,Beaver,0,1,1,0,0,1,1,1,0,0,1,0,0,0,0,0,2
15009,2022-07,Beaver,0,0,0,0,0,0,0,0,0,0,0,0,0,0,0,0,0
15009,2022-08,Beaver,0,0,0,0,0,0,0,0,0,0,0,0,0,0,0,0,0
15009,2022-09,Beaver,0,0,0,0,0,0,0,0,0,0,0,0,0,0,0,0,0
15009,2022-10,Beaver,0,0,0,0,0,0,0,0,0,0,0,0,0,0,0,0,0
15009,2022-11,Beaver,0,0,0,0,0,0,0,0,0,0,0,0,0,0,0,0,0
15009,2022-12,Beaver,0,0,0,0,0,0,0,0,0,0,0,0,0,0,0,0,0
15010,2022-01,Beaver,0,0,0,0,0,0,0,0,0,0,0,0,0,0,0,0,0
15010,2022-02,Beaver,0,0,0,0,0,0,0,0,0,0,0,0,0,0,0,0,0
15010,2022-03,Beaver,0,0,0,0,0,0,0,0,0,0,0,0,0,0,0,0,0
15010,2022-04,Beaver,0,0,0,0,0,0,0,0,0,0,0,0,0,0,0,0,0
15010,2022-05,Beaver,0,0,0,0,0,0,1,0,0,0,1,0,0,0,0,0,1
15010,2022-06,Beaver,0,0,0,0,0,0,0,0,0,0,0,0,0,0,0,0,0
15010,2022-07,Beaver,0,0,0,0,0,0,0,0,0,0,0,0,0,0,0,0,0
15010,2022-08,Beaver,0,0,0,0,0,0,0,0,0,0,0,0,0,0,0,0,0
15010,2022-09,Beaver,0,0,0,0,0,0,0,0,0,0,0,0,0,0,0,0,0
15010,2022-10,Beaver,0,0,0,0,0,0,0,0,0,0,0,0,0,0,0,0,0
15010,2022-11,Beaver,0,0,0,0,0,0,0,0,0,0,0,0,0,0,0,0,0
15010,2022-12,Beaver,0,0,0,0,0,0,0,0,0,0,0,0,0,0,0,0,0
15025,2022-01,Allegheny,0,0,0,0,0,0,0,0,0,0,0,0,0,0,0,0,0
15025,2022-02,Allegheny,0,0,0,0,0,0,0,0,0,0,0,0,0,0,0,0,0
15025,2022-03,Allegheny,0,0,0,0,0,0,0,0,0,0,0,0,0,0,0,0,0
15025,2022-04,Allegheny,0,0,0,0,0,0,0,0,0,0,0,0,0,0,0,0,0
15025,2022-05,Allegheny,0,0,0,0,0,0,0,0,0,0,1,0,0,0,0,0,1
15025,2022-06,Allegheny,0,0,0,0,0,0,0,0,0,0,0,0,0,0,0,0,0
15025,2022-07,Allegheny,0,0,0,0,0,0,0,0,0,0,0,0,0,0,0,0,0
15025,2022-08,Allegheny,0,0,0,0,0,0,0,0,0,0,0,0,0,0,0,0,0
15025,2022-09,Allegheny,0,0,0,0,0,0,0,0,0,0,0,0,0,0,0,0,0
15025,2022-10,Allegheny,0,0,0,0,0,0,0,0,0,0,0,0,0,0,0,0,0
15025,2022-11,Allegheny,0,0,0,0,0,0,0,0,0,0,0,0,0,0,0,0,0
15025,2022-12,Allegheny,0,0,0,0,0,0,0,0,0,0,0,0,0,0,0,0,0
15026,2022-01,Allegheny,0,0,0,0,0,0,0,0,0,0,0,0,0,0,0,0,0
15026,2022-02,Allegheny,0,0,0,0,0,0,0,0,0,0,0,0,0,0,0,0,0
15026,2022-03,Allegheny,0,0,0,0,0,0,0,0,0,0,0,0,0,0,0,0,0
15026,2022-04,Allegheny,0,0,0,0,0,0,0,0,0,0,0,0,0,0,0,0,0
15026,2022-05,Allegheny,0,0,0,0,0,0,0,0,0,0,0,0,0,0,0,0,0
15026,2022-06,Allegheny,0,0,0,0,0,0,0,0,0,0,0,0,0,0,0,0,0
15026,2022-07,Allegheny,0,0,0,0,0,0,0,0,0,0,0,0,0,0,0,0,0
15026,2022-08,Allegheny,0,0,0,0,0,0,0,0,0,0,0,0,0,0,0,0,0
15026,2022-09,Allegheny,0,0,0,0,0,0,0,0,0,0,0,0,0,0,0,0,0
15026,2022-10,Allegheny,0,0,0,0,0,0,1,0,0,0,1,0,0,0,0,0,1
15026,2022-11,Allegheny,0,0,0,0,0,0,0,0,0,0,0,0,0,0,0,0,0
15026,2022-12,Allegheny,0,0,0,0,0,0,1,0,0,0,1,0,0,0,0,0,1
15037,2022-01,Allegheny,0,0,0,0,0,0,0,0,0,0,0,0,0,0,0,0,0
15037,2022-02,Allegheny,0,0,0,0,0,0,0,0,0,0,0,0,0,0,0,0,0
15037,2022-03,Allegheny,0,0,0,0,0,0,0,0,0,0,0,0,0,0,0,0,0
15037,2022-04,Allegheny,0,0,0,0,0,0,0,0,0,0,0,0,0,0,0,0,0
15037,2022-05,Allegheny,0,0,0,0,0,0,0,0,0,0,0,0,0,0,0,0,0
15037,2022-06,Allegheny,0,0,0,0,0,0,0,0,0,0,0,0,0,0,0,0,0
15037,2022-07,Allegheny,0,0,0,0,0,0,0,0,0,0,1,0,0,0,0,0,1
15037,2022-08,Allegheny,0,0,0,0,0,0,0,0,0,0,0,0,0,0,0,0,0
15037,2022-09,Allegheny,0,0,0,0,0,0,0,0,0,0,0,0,0,0,0,0,0
15037,2022-10,Allegheny,0,0,0,0,0,0,0,0,0,0,0,0,0,0,0,0,0
15037,2022-11,Allegheny,0,0,0,0,0,0,0,0,0,0,0,0,0,0,0,0,0
15037,2022-12,Allegheny,0,0,0,0,0,0,0,0,0,0,0,0,0,0,0,0,0
15068,2022-01,Westmoreland,0,0,0,0,0,0,0,0,0,0,0,0,0,0,0,0,0
15068,2022-02,Westmoreland,0,0,0,0,0,0,0,0,0,0,0,0,0,0,0,0,0
15068,2022-03,Westmoreland,0,0,0,0,0,1,0,0,0,0,1,0,0,0,0,0,1
15068,2022-04,Westmoreland,0,0,0,0,0,0,0,0,0,0,0,0,0,0,0,0,0
15068,2022-05,Westmoreland,0,0,0,0,0,0,0,0,0,0,0,0,0,0,0,0,0
15068,2022-06,Westmoreland,0,0,0,0,0,0,0,0,0,0,0,0,0,0,0,0,0
15068,2022-07,Westmoreland,0,0,1,0,1,0,0,1,0,0,1,0,0,0,0,0,3
15068,2022-08,Westmoreland,0,0,0,0,0,0,0,0,0,0,0,0,0,0,0,0,0
15068,2022-09,Westmoreland,0,0,0,0,0,0,0,0,0,0,0,0,0,0,0,0,0
15068,2022-10,Westmoreland,0,0,0,0,0,0,0,0,0,0,0,0,0,0,0,0,0
15068,2022-11,Westmoreland,0,0,0,0,0,0,0,0,0,0,0,0,0,0,0,0,0
15068,2022-12,Westmoreland,0,0,0,1,1,0,0,0,0,0,1,0,0,0,0,0,1
15084,2022-01,Allegheny,0,0,0,0,0,0,0,0,0,0,0,0,0,0,0,0,0
15084,2022-02,Allegheny,0,0,0,0,0,0,0,0,0,0,0,0,0,0,0,0,0
15084,2022-03,Allegheny,0,0,0,0,0,0,0,0,0,0,0,0,0,0,0,0,0
15084,2022-04,Allegheny,0,0,0,0,0,0,0,0,0,0,0,0,0,0,0,0,0
15084,2022-05,Allegheny,0,0,0,0,0,0,0,0,0,0,0,0,0,0,0,0,0
15084,2022-06,Allegheny,0,0,0,0,0,0,0,0,0,0,0,0,0,0,0,0,0
15084,2022-07,Allegheny,0,0,0,0,0,0,0,0,0,0,1,0,0,0,0,0,1
15084,2022-08,Allegheny,0,0,0,0,0,0,0,0,0,0,0,0,0,0,0,0,0
15084,2022-09,Allegheny,0,0,0,0,0,0,0,0,0,0,0,0,0,0,0,0,0
15084,2022-10,Allegheny,0,0,0,0,0,0,0,0,0,0,0,0,0,0,0,0,0
15084,2022-11,Allegheny,0,0,0,0,0,0,0,0,0,0,0,0,0,0,0,0,0
15084,2022-12,Allegheny,0,0,0,0,0,0,0,0,0,0,0,0,0,0,0,0,0
15090,2022-01,Allegheny,0,0,0,0,0,0,0,0,0,0,0,0,0,0,0,0,0
15090,2022-02,Allegheny,0,0,0,0,0,0,0,0,0,0,0,0,0,0,0,0,0
15090,2022-03,Allegheny,0,0,0,0,0,0,0,0,0,0,0,0,0,0,0,0,0
15090,2022-04,Allegheny,0,0,0,0,0,0,0,0,0,0,0,0,0,0,0,0,0
15090,2022-05,Allegheny,0,0,0,0,0,0,0,0,0,0,0,0,0,0,0,0,0
15090,2022-06,Allegheny,0,0,0,0,0,1,0,1,0,0,1,0,0,0,0,0,1
15090,2022-07,Allegheny,0,0,0,0,0,0,0,0,0,0,0,0,0,0,0,0,0
15090,2022-08,Allegheny,0,0,0,0,0,0,0,0,0,0,0,0,0,0,0,0,0
15090,2022-09,Allegheny,0,0,0,0,0,0,0,0,0,0,0,0,0,0,0,0,0
15090,2022-10,Allegheny,0,0,0,0,0,0,0,0,0,0,0,0,0,0,0,0,0
15090,2022-11,Allegheny,0,0,0,0,0,0,0,0,0,0,0,0,0,0,0,0,0
15090,2022-12,Allegheny,0,0,0,0,0,0,0,0,0,0,0,0,0,0,0,0,0
15101,2022-01,Allegheny,0,0,0,0,0,0,0,0,0,0,0,0,0,0,0,0,0
15101,2022-02,Allegheny,0,0,0,0,0,0,0,0,0,0,0,0,0,0,0,0,0
15101,2022-03,Allegheny,0,0,0,0,0,0,0,0,0,0,0,0,0,0,0,0,0
15101,2022-04,Allegheny,0,0,0,0,0,0,0,0,0,0,0,0,0,0,0,0,0
15101,2022-05,Allegheny,0,0,0,0,0,0,0,0,0,0,0,0,0,0,0,0,0
15101,2022-06,Allegheny,0,0,0,0,0,0,0,0,0,0,0,0,0,0,0,0,0
15101,2022-07,Allegheny,0,0,0,0,0,0,0,0,0,0,0,0,0,0,0,0,0
15101,2022-08,Allegheny,0,0,0,0,0,0,0,0,0,0,0,0,0,0,0,0,0
15101,2022-09,Allegheny,0,0,0,0,0,0,0,0,0,0,0,0,0,0,0,0,0
15101,2022-10,Allegheny,0,0,0,0,0,0,0,0,0,0,0,0,0,0,0,0,0
15101,2022-11,Allegheny,0,0,0,0,0,0,1,0,0,0,1,0,0,0,0,0,1
15101,2022-12,Allegheny,0,0,0,0,0,0,0,0,0,0,0,0,0,0,0,0,0
15132,2022-01,Allegheny,0,0,0,0,0,0,0,0,0,0,0,0,0,0,0,0,0
15132,2022-02,Allegheny,0,0,0,0,0,0,0,0,0,0,0,0,0,0,0,0,0
15132,2022-03,Allegheny,0,0,0,1,0,0,0,0,0,0,1,0,0,0,0,0,1
15132,2022-04,Allegheny,0,0,0,0,0,0,0,0,0,0,0,0,0,0,0,0,0
15132,2022-05,Allegheny,0,0,0,0,0,0,0,0,0,0,0,0,0,0,0,0,0
15132,2022-06,Allegheny,0,0,0,0,0,0,0,0,0,0,0,0,0,0,0,0,0
15132,2022-07,Allegheny,0,0,0,0,0,0,0,0,0,0,0,0,0,0,0,0,0
15132,2022-08,Allegheny,0,0,0,0,0,0,0,0,0,0,0,0,0,0,0,0,0
15132,2022-09,Allegheny,0,0,0,0,0,0,0,0,0,0,0,0,0,0,0,0,0
15132,2022-10,Allegheny,0,0,0,0,0,0,0,0,0,0,1,0,0,0,0,0,1
15132,2022-11,Allegheny,0,0,0,0,0,0,0,0,0,0,0,0,0,0,0,0,0
15132,2022-12,Allegheny,0,0,0,0,0,0,0,0,0,0,0,0,0,0,0,0,0
15143,2022-01,Allegheny,0,0,0,0,0,0,0,0,0,0,0,0,0,0,0,0,0
15143,2022-02,Allegheny,0,0,0,0,0,0,0,0,0,0,0,0,0,0,0,0,0
15143,2022-03,Allegheny,0,0,0,0,0,1,0,0,0,0,1,0,0,0,0,0,1
15143,2022-04,Allegheny,0,0,0,0,0,0,0,0,0,0,0,0,0,0,0,0,0
15143,2022-05,Allegheny,0,0,0,0,0,0,0,0,0,0,0,0,0,0,0,0,0
15143,2022-06,Allegheny,0,0,0,0,0,0,0,0,0,0,0,0,0,0,0,0,0
15143,2022-07,Allegheny,0,0,0,0,0,0,0,0,0,0,0,0,0,0,0,0,0
15143,2022-08,Allegheny,0,0,0,0,0,0,0,0,0,0,0,0,0,0,0,0,0
15143,2022-09,Allegheny,0,0,0,0,0,0,0,0,0,0,0,0,0,0,0,0,0
15143,2022-10,Allegheny,0,0,0,0,0,0,0,0,0,0,0,0,0,0,0,0,0
15143,2022-11,Allegheny,0,0,0,0,0,0,0,0,0,0,0,0,0,0,0,0,0
15143,2022-12,Allegheny,0,0,0,0,0,0,0,0,0,0,0,0,0,0,0,0,0
15144,2022-01,Allegheny,0,0,0,0,0,0,0,0,0,0,0,0,0,0,0,0,0
15144,2022-02,Allegheny,0,0,0,0,0,0,0,0,0,0,0,0,0,0,0,0,0
15144,2022-03,Allegheny,0,0,0,0,0,0,0,0,0,0,0,0,0,0,0,0,0
15144,2022-04,Allegheny,0,0,0,0,0,0,0,0,0,0,0,0,0,0,0,0,0
15144,2022-05,Allegheny,0,0,0,0,0,0,0,0,0,0,0,0,0,0,0,0,0
15144,2022-06,Allegheny,0,0,0,0,0,0,0,0,0,0,0,0,0,0,0,0,0
15144,2022-07,Allegheny,0,0,0,0,0,0,0,0,0,0,0,0,0,0,0,0,0
15144,2022-08,Allegheny,0,0,0,0,0,0,0,0,0,0,0,0,0,0,0,0,0
15144,2022-09,Allegheny,0,0,0,0,0,0,0,0,0,0,0,0,0,0,0,0,0
15144,2022-10,Allegheny,0,0,0,0,0,0,0,0,0,0,0,0,0,0,0,0,0
15144,2022-11,Allegheny,0,0,0,0,0,1,0,0,0,0,1,0,0,0,0,0,1
15144,2022-12,Allegheny,0,0,0,0,0,0,0,0,0,0,0,0,0,0,0,0,0
15146,2022-01,Allegheny,0,0,0,0,0,0,0,0,0,0,0,0,0,0,0,0,0
15146,2022-02,Allegheny,0,0,0,0,0,0,0,0,0,0,0,0,0,0,0,0,0
15146,2022-03,Allegheny,0,0,0,0,0,0,0,0,0,0,0,0,0,0,0,0,0
15146,2022-04,Allegheny,0,0,0,0,0,0,0,0,0,0,0,0,0,0,0,0,0
15146,2022-05,Allegheny,0,0,0,0,1,1,0,1,0,0,1,0,0,0,0,0,1
15146,2022-06,Allegheny,0,0,0,0,0,0,0,0,0,0,0,0,0,0,0,0,0
15146,2022-07,Allegheny,0,0,0,0,0,0,0,0,0,0,0,0,0,0,0,0,0
15146,2022-08,Allegheny,0,0,0,0,0,0,0,0,0,0,1,0,0,0,0,0,1
15146,2022-09,Allegheny,0,0,0,0,0,0,0,0,0,0,0,0,0,0,0,0,0
15146,2022-10,Allegheny,0,0,0,0,0,0,0,0,0,0,0,0,0,0,0,0,0
15146,2022-11,Allegheny,0,0,0,0,0,0,0,0,0,0,0,0,0,0,0,0,0
15146,2022-12,Allegheny,0,0,0,0,0,0,0,0,0,0,0,0,0,0,0,0,0
15219,2022-01,Allegheny,0,1,1,0,1,0,1,1,0,0,1,0,0,0,0,0,5
15219,2022-02,Allegheny,0,1,1,1,1,1,0,1,0,0,1,0,0,0,0,0,10
15219,2022-03,Allegheny,0,1,1,0,1,1,1,1,0,0,1,0,0,0,0,0,10
15219,2022-04,Allegheny,0,1,1,1,1,1,1,1,0,0,1,1,1,0,0,0,10
15219,2022-05,Allegheny,0,1,1,1,1,1,1,1,0,0,1,0,0,0,0,0,8
15219,2022-06,Allegheny,0,1,1,1,0,1,1,1,0,0,1,0,0,0,0,0,9
15219,2022-07,Allegheny,0,1,0,1,1,0,1,1,0,0,1,0,0,0,0,0,8
15219,2022-08,Allegheny,0,1,1,0,1,0,1,1,0,0,1,0,0,0,0,0,6
15219,2022-09,Allegheny,0,0,0,1,1,1,1,1,0,0,1,0,0,0,0,0,5
15219,2022-10,Allegheny,0,1,1,1,0,1,1,1,0,1,1,0,0,0,0,0,21
15219,2022-11,Allegheny,0,1,1,0,0,0,1,0,0,0,1,0,0,0,0,0,20
15219,2022-12,Allegheny,0,1,1,0,0,1,1,1,0,0,1,0,0,0,0,0,16
15228,2022-01,Allegheny,0,0,0,0,0,0,0,0,0,0,0,0,0,0,0,0,0
15228,2022-02,Allegheny,0,0,0,0,0,0,0,0,0,0,0,0,0,0,0,0,0
15228,2022-03,Allegheny,0,0,0,0,0,0,0,0,0,0,0,0,0,0,0,0,0
15228,2022-04,Allegheny,0,0,0,0,0,0,0,0,0,0,0,0,0,0,0,0,0
15228,2022-05,Allegheny,0,1,1,0,0,0,1,0,0,0,1,0,0,0,0,0,1
15228,2022-06,Allegheny,0,0,0,0,0,0,0,0,0,0,0,0,0,0,0,0,0
15228,2022-07,Allegheny,0,0,0,0,0,0,0,0,0,0,0,0,0,0,0,0,0
15228,2022-08,Allegheny,0,0,0,0,0,0,0,0,0,0,0,0,0,0,0,0,0
15228,2022-09,Allegheny,0,0,0,0,0,0,0,0,0,0,0,0,0,0,0,0,0
15228,2022-10,Allegheny,0,0,0,0,1,0,0,0,0,0,1,0,0,0,0,0,1
15228,2022-11,Allegheny,0,0,0,0,0,0,0,0,0,0,0,0,0,0,0,0,0
15228,2022-12,Allegheny,0,0,0,0,0,0,0,0,0,0,0,0,0,0,0,0,0
15301,2022-01,Washington,0,0,0,0,0,0,0,0,0,0,0,0,0,0,0,0,0
15301,2022-02,Washington,0,0,0,0,0,0,0,0,0,0,0,0,0,0,0,0,0
15301,2022-03,Washington,0,0,0,0,0,0,0,0,0,0,1,0,0,0,0,0,1
15301,2022-04,Washington,0,0,0,0,0,0,0,0,0,0,0,0,0,0,0,0,0
15301,2022-05,Washington,0,0,0,0,0,0,0,0,0,0,0,0,0,0,0,0,0
15301,2022-06,Washington,0,0,0,0,0,0,0,0,0,0,0,0,0,0,0,0,0
15301,2022-07,Washington,0,0,0,0,0,0,0,0,0,0,0,0,0,0,0,0,0
15301,2022-08,Washington,0,0,0,0,0,0,0,0,0,0,0,0,0,0,0,0,0
15301,2022-09,Washington,0,0,0,0,0,0,1,0,0,0,1,0,0,0,0,0,1
15301,2022-10,Washington,0,0,0,0,0,0,0,0,0,0,0,0,0,0,0,0,0
15301,2022-11,Washington,0,0,0,0,0,0,0,0,0,0,0,0,0,0,0,0,0
15301,2022-12,Washington,0,0,0,0,0,0,0,0,0,0,0,0,0,0,0,0,0
15370,2022-01,Greene,0,0,0,0,0,0,0,0,0,0,0,0,0,0,0,0,0
15370,2022-02,Greene,0,0,0,0,0,0,1,0,0,0,1,0,0,0,0,0,1
15370,2022-03,Greene,0,0,0,0,0,0,0,0,0,0,0,0,0,0,0,0,0
15370,2022-04,Greene,0,0,0,0,0,0,0,0,0,0,0,0,0,0,0,0,0
15370,2022-05,Greene,0,0,0,0,0,0,0,0,0,0,0,0,0,0,0,0,0
15370,2022-06,Greene,0,0,0,0,0,0,0,0,0,1,1,0,0,0,0,0,1
15370,2022-07,Greene,0,0,0,0,0,0,0,0,0,0,0,0,0,0,0,0,0
15370,2022-08,Greene,0,0,0,0,0,0,0,0,0,0,0,0,0,0,0,0,0
15370,2022-09,Greene,0,0,0,0,0,0,0,0,0,0,0,0,0,0,0,0,0
15370,2022-10,Greene,0,0,0,0,0,0,0,0,0,0,0,0,0,0,0,0,0
15370,2022-11,Greene,0,0,0,0,0,0,0,0,0,0,0,0,0,0,0,0,0
15370,2022-12,Greene,0,0,0,0,0,0,0,0,0,0,0,0,0,0,0,0,0
15401,2022-01,Fayette,0,0,0,0,0,0,0,0,0,0,0,0,0,0,0,0,0
15401,2022-02,Fayette,0,0,0,0,0,0,0,0,0,0,0,0,0,0,0,0,0
15401,2022-03,Fayette,0,0,0,0,0,0,0,0,0,0,0,0,0,0,0,0,0
15401,2022-04,Fayette,0,0,0,0,0,0,0,0,0,0,0,0,0,0,0,0,0
15401,2022-05,Fayette,0,0,0,0,0,0,0,0,0,0,0,0,0,0,0,0,0
15401,2022-06,Fayette,0,0,0,0,0,0,0,0,0,0,0,0,0,0,0,0,0
15401,2022-07,Fayette,0,0,0,0,0,0,0,0,0,0,0,0,0,0,0,0,0
15401,2022-08,Fayette,0,0,0,0,0,0,0,0,0,0,0,0,0,0,0,0,0
15401,2022-09,Fayette,0,0,0,0,0,0,0,0,0,0,0,0,0,0,0,0,0
15401,2022-10,Fayette,0,0,0,0,0,0,0,0,0,0,0,0,0,1,0,0,1
15401,2022-11,Fayette,0,0,0,0,0,0,0,0,0,0,0,0,0,0,0,0,0
15401,2022-12,Fayette,0,0,0,0,0,0,0,0,0,0,0,0,0,0,0,0,0
15501,2022-01,Somerset,0,0,0,0,0,0,0,0,0,0,0,0,0,0,0,0,0
15501,2022-02,Somerset,0,0,0,0,0,0,0,0,0,0,0,0,0,0,0,0,0
15501,2022-03,Somerset,0,0,0,0,0,0,0,0,0,0,0,0,0,0,0,0,0
15501,2022-04,Somerset,0,0,0,0,0,0,0,0,0,0,0,0,0,0,0,0,0
15501,2022-05,Somerset,0,0,0,0,0,0,0,0,0,0,0,0,0,0,0,0,0
15501,2022-06,Somerset,0,0,0,0,0,0,0,0,0,0,0,0,0,0,0,0,0
15501,2022-07,Somerset,0,0,0,0,0,0,0,0,0,0,1,0,0,0,0,0,1
15501,2022-08,Somerset,0,0,0,0,0,0,0,0,0,0,0,0,0,0,0,0,0
15501,2022-09,Somerset,0,0,0,0,0,0,0,0,0,0,0,0,0,0,0,0,0
15501,2022-10,Somerset,0,0,0,0,0,0,0,0,0,0,0,0,0,0,0,0,0
15501,2022-11,Somerset,0,0,0,0,0,0,0,0,0,0,0,0,0,0,0,0,0
15501,2022-12,Somerset,0,0,0,0,0,0,0,0,0,0,0,0,0,0,0,0,0
15552,2022-01,Somerset,0,0,0,0,0,0,0,0,0,0,0,0,0,0,0,0,0
15552,2022-02,Somerset,0,0,0,0,0,0,0,0,0,0,0,0,0,0,0,0,0
15552,2022-03,Somerset,0,0,0,0,0,0,0,0,0,0,0,0,0,0,0,0,0
15552,2022-04,Somerset,0,0,0,0,0,0,0,0,0,0,0,0,0,0,0,0,0
15552,2022-05,Somerset,0,0,0,0,0,0,1,0,0,0,1,0,0,0,0,0,1
15552,2022-06,Somerset,0,0,0,0,0,0,0,0,0,0,0,0,0,0,0,0,0
15552,2022-07,Somerset,0,0,0,0,0,0,0,0,0,0,0,0,0,0,0,0,0
15552,2022-08,Somerset,0,0,0,0,0,0,0,0,0,0,0,0,0,0,0,0,0
15552,2022-09,Somerset,0,0,0,0,0,0,0,0,0,0,0,0,0,0,0,0,0
15552,2022-10,Somerset,0,0,0,0,0,0,0,0,0,0,0,0,0,0,0,0,0
15552,2022-11,Somerset,0,0,0,0,0,0,0,0,0,0,0,0,0,0,0,0,0
15552,2022-12,Somerset,0,0,0,0,0,0,0,0,0,0,0,0,0,0,0,0,0
15601,2022-01,Westmoreland,0,0,0,1,0,0,0,1,0,0,1,0,0,0,0,0,1
15601,2022-02,Westmoreland,0,0,0,0,0,0,0,0,0,0,0,0,0,0,0,0,0
15601,2022-03,Westmoreland,0,0,0,0,0,0,0,0,0,0,0,0,0,0,0,0,0
15601,2022-04,Westmoreland,0,0,0,0,0,1,0,1,0,0,1,0,0,0,0,0,1
15601,2022-05,Westmoreland,0,0,0,0,0,0,0,0,0,0,0,0,0,0,0,0,0
15601,2022-06,Westmoreland,0,0,0,0,0,1,0,1,0,0,1,0,0,0,0,0,2
15601,2022-07,Westmoreland,0,0,0,0,0,0,0,0,0,0,1,0,0,0,0,0,1
15601,2022-08,Westmoreland,0,0,0,0,0,0,0,0,0,0,0,0,0,0,0,0,0
15601,2022-09,Westmoreland,0,0,0,0,0,0,0,0,0,0,0,0,0,0,0,0,0
15601,2022-10,Westmoreland,0,0,0,0,0,0,0,0,0,0,0,0,0,0,0,0,0
15601,2022-11,Westmoreland,0,0,0,0,0,0,0,0,0,0,0,0,0,0,0,0,0
15601,2022-12,Westmoreland,0,0,0,0,0,0,0,0,0,0,0,0,0,0,0,0,0
15613,2022-01,Westmoreland,0,0,0,0,0,0,0,0,0,0,0,0,0,0,0,0,0
15613,2022-02,Westmoreland,0,0,0,0,0,0,0,0,0,0,0,0,0,0,0,0,0
15613,2022-03,Westmoreland,0,0,0,0,0,0,0,0,0,0,0,1,0,0,0,0,1
15613,2022-04,Westmoreland,0,0,0,0,0,0,0,0,0,0,0,0,0,0,0,0,0
15613,2022-05,Westmoreland,0,0,0,0,0,0,0,0,0,0,0,0,0,0,0,0,0
15613,2022-06,Westmoreland,0,0,0,0,0,0,0,0,0,0,0,0,0,0,0,0,0
15613,2022-07,Westmoreland,0,0,0,0,0,0,0,0,0,0,0,0,0,0,0,0,0
15613,2022-08,Westmoreland,0,0,0,0,0,0,0,0,0,0,0,0,0,0,0,0,0
15613,2022-09,Westmoreland,0,0,0,0,0,0,0,0,0,0,0,0,0,0,0,0,0
15613,2022-10,Westmoreland,0,0,0,0,0,0,0,0,0,0,0,0,0,0,0,0,0
15613,2022-11,Westmoreland,0,0,0,0,0,0,0,0,0,0,0,0,0,0,0,0,0
15613,2022-12,Westmoreland,0,0,0,0,0,0,0,0,0,0,0,0,0,0,0,0,0
15626,2022-01,Westmoreland,0,0,0,0,0,0,0,0,0,0,0,0,0,0,0,0,0
15626,2022-02,Westmoreland,0,0,0,0,0,0,0,0,0,0,0,0,0,0,0,0,0
15626,2022-03,Westmoreland,0,0,0,0,0,0,0,0,0,0,0,0,0,0,0,0,0
15626,2022-04,Westmoreland,0,0,0,0,0,0,0,0,0,0,0,0,0,0,0,0,0
15626,2022-05,Westmoreland,0,0,0,0,0,0,0,0,0,0,0,0,0,0,0,0,0
15626,2022-06,Westmoreland,0,0,0,0,0,0,0,0,0,0,0,0,0,0,0,0,0
15626,2022-07,Westmoreland,0,0,0,0,0,0,0,0,0,0,0,0,0,0,0,0,0
15626,2022-08,Westmoreland,0,0,0,0,0,0,0,0,0,0,0,0,0,0,0,0,0
15626,2022-09,Westmoreland,0,0,0,0,0,0,0,0,0,0,0,1,0,0,0,0,1
15626,2022-10,Westmoreland,0,0,0,0,0,0,0,0,0,0,0,0,0,0,0,0,0
15626,2022-11,Westmoreland,0,0,0,0,0,0,0,0,0,0,0,0,0,0,0,0,0
15626,2022-12,Westmoreland,0,0,0,0,0,0,0,0,0,0,0,0,0,0,0,0,0
15639,2022-01,Westmoreland,0,0,0,0,0,0,0,0,0,0,0,0,0,0,0,0,0
15639,2022-02,Westmoreland,0,0,0,0,0,0,0,0,0,0,0,0,0,0,0,0,0
15639,2022-03,Westmoreland,0,0,0,0,0,0,0,0,0,0,1,0,0,0,0,0,1
15639,2022-04,Westmoreland,0,0,0,0,0,0,0,0,0,0,0,0,0,0,0,0,0
15639,2022-05,Westmoreland,0,0,0,0,0,0,0,0,0,0,0,0,0,0,0,0,0
15639,2022-06,Westmoreland,0,0,0,0,0,0,0,0,0,0,0,0,0,0,0,0,0
15639,2022-07,Westmoreland,0,0,0,0,0,0,0,0,0,0,0,0,0,0,0,0,0
15639,2022-08,Westmoreland,0,0,0,0,0,0,0,0,0,0,0,0,0,0,0,0,0
15639,2022-09,Westmoreland,0,0,0,0,0,0,0,0,0,0,0,0,0,0,0,0,0
15639,2022-10,Westmoreland,0,0,0,0,0,0,0,0,0,0,0,0,0,0,0,0,0
15639,2022-11,Westmoreland,0,0,0,0,0,0,0,0,0,0,0,0,0,0,0,0,0
15639,2022-12,Westmoreland,0,0,0,0,0,0,0,0,0,0,0,0,0,0,0,0,0
15642,2022-01,Westmoreland,0,0,0,0,0,0,0,0,0,0,0,0,0,0,0,0,0
15642,2022-02,Westmoreland,0,0,0,0,0,0,0,0,0,0,0,0,0,0,0,0,0
15642,2022-03,Westmoreland,0,0,0,0,0,0,0,0,0,0,0,0,0,0,0,0,0
15642,2022-04,Westmoreland,0,0,0,0,0,0,0,0,0,0,0,0,0,0,0,0,0
15642,2022-05,Westmoreland,0,0,0,0,0,0,0,0,0,0,0,0,0,0,0,0,0
15642,2022-06,Westmoreland,0,0,0,0,0,0,0,0,0,0,0,0,0,0,0,0,0
15642,2022-07,Westmoreland,0,0,0,0,0,0,0,0,0,0,0,0,0,0,0,0,0
15642,2022-08,Westmoreland,0,0,0,0,0,0,0,0,0,0,0,0,0,0,0,0,0
15642,2022-09,Westmoreland,0,0,0,0,0,0,1,0,0,0,1,0,0,0,0,0,2
15642,2022-10,Westmoreland,0,0,0,0,0,0,0,0,0,0,0,0,0,0,0,0,0
15642,2022-11,Westmoreland,0,0,0,0,0,0,0,0,0,0,0,0,0,0,0,0,0
15642,2022-12,Westmoreland,0,0,0,0,0,0,0,0,0,0,0,0,0,0,0,0,0
15650,2022-01,Westmoreland,0,0,0,0,0,0,0,0,0,0,0,0,0,0,0,0,0
15650,2022-02,Westmoreland,0,0,0,0,0,0,0,0,0,0,0,0,0,0,0,0,0
15650,2022-03,Westmoreland,0,0,0,0,0,0,1,0,0,0,1,0,0,0,0,0,2
15650,2022-04,Westmoreland,0,0,0,0,0,0,0,0,0,0,0,0,0,0,0,0,0
15650,2022-05,Westmoreland,0,0,0,0,0,0,0,0,0,0,0,0,0,0,0,0,0
15650,2022-06,Westmoreland,0,0,0,0,0,0,0,0,0,0,0,0,0,0,0,0,0
15650,2022-07,Westmoreland,0,0,0,0,0,0,0,0,0,0,0,0,0,0,0,0,0
15650,2022-08,Westmoreland,0,0,0,0,0,0,0,0,0,0,0,0,0,0,0,0,0
15650,2022-09,Westmoreland,0,0,0,0,0,0,0,0,0,0,0,0,0,0,0,0,0
15650,2022-10,Westmoreland,0,0,0,0,0,0,0,0,0,0,0,0,0,0,0,0,0
15650,2022-11,Westmoreland,0,0,0,0,0,0,0,0,0,0,0,0,0,0,0,0,0
15650,2022-12,Westmoreland,0,0,0,0,0,0,0,0,0,0,0,0,0,0,0,0,0
15668,2022-01,Westmoreland,0,0,1,0,0,0,0,0,0,0,1,0,0,0,0,0,1
15668,2022-02,Westmoreland,0,0,0,0,0,0,0,0,0,0,0,0,0,0,0,0,0
15668,2022-03,Westmoreland,0,0,0,0,0,0,0,0,0,0,0,0,0,0,0,0,0
15668,2022-04,Westmoreland,0,0,0,0,0,0,0,0,0,0,0,0,0,0,0,0,0
15668,2022-05,Westmoreland,0,0,0,0,0,0,0,0,0,0,0,0,0,0,0,0,0
15668,2022-06,Westmoreland,0,0,0,0,0,0,0,0,0,0,0,0,0,0,0,0,0
15668,2022-07,Westmoreland,0,0,0,0,0,0,0,0,0,0,0,0,0,0,0,0,0
15668,2022-08,Westmoreland,0,0,0,0,0,0,0,0,0,0,0,0,0,0,0,0,0
15668,2022-09,Westmoreland,0,0,0,0,0,0,0,0,0,0,0,0,0,0,0,0,0
15668,2022-10,Westmoreland,0,0,0,0,0,0,0,0,0,0,0,0,0,0,0,0,0
15668,2022-11,Westmoreland,0,0,0,0,0,0,0,0,0,0,0,0,0,0,0,0,0
15668,2022-12,Westmoreland,0,0,0,0,0,0,0,0,0,0,0,0,0,0,0,0,0
15701,2022-01,Indiana,0,0,0,0,0,0,0,0,0,0,0,0,0,0,0,0,0
15701,2022-02,Indiana,0,0,0,0,0,0,0,0,0,0,0,0,0,0,0,0,0
15701,2022-03,Indiana,0,0,0,0,0,0,0,0,0,0,0,0,0,0,0,0,0
15701,2022-04,Indiana,0,0,0,0,0,0,0,0,0,0,0,0,0,0,0,0,0
15701,2022-05,Indiana,0,0,0,0,0,0,0,0,0,0,0,0,0,0,0,0,0
15701,2022-06,Indiana,0,0,0,0,0,0,0,0,0,0,1,0,0,0,0,0,1
15701,2022-07,Indiana,0,0,0,0,0,0,0,0,0,0,0,0,0,0,0,0,0
15701,2022-08,Indiana,0,0,0,0,0,0,0,0,0,0,0,0,0,0,0,0,0
15701,2022-09,Indiana,0,0,0,0,0,0,0,0,0,0,0,0,0,0,0,0,0
15701,2022-10,Indiana,0,0,0,0,0,0,0,0,0,0,0,0,0,0,0,0,0
15701,2022-11,Indiana,0,0,0,0,0,0,0,0,0,0,0,0,0,0,0,0,0
15701,2022-12,Indiana,0,0,0,0,0,0,0,0,0,0,0,0,0,0,0,0,0
15767,2022-01,Jefferson,0,0,0,0,0,0,0,0,0,0,0,0,0,0,0,0,0
15767,2022-02,Jefferson,0,0,0,0,0,0,0,1,0,0,1,0,0,0,0,0,1
15767,2022-03,Jefferson,0,0,0,0,0,0,0,0,0,0,0,0,0,0,0,0,0
15767,2022-04,Jefferson,0,0,0,0,0,0,0,0,0,0,0,0,0,0,0,0,0
15767,2022-05,Jefferson,0,0,0,0,0,0,0,0,0,0,0,0,0,0,0,0,0
15767,2022-06,Jefferson,0,0,0,0,0,0,0,0,0,0,0,0,0,0,0,0,0
15767,2022-07,Jefferson,0,0,0,0,0,0,0,0,0,0,0,0,0,0,0,0,0
15767,2022-08,Jefferson,0,0,0,0,0,0,0,0,0,0,0,0,0,0,0,0,0
15767,2022-09,Jefferson,0,0,0,0,0,0,0,0,0,0,0,0,0,0,0,0,0
15767,2022-10,Jefferson,0,0,0,0,0,0,0,0,0,0,0,0,0,0,0,0,0
15767,2022-11,Jefferson,0,0,0,0,0,0,0,0,0,0,0,0,0,0,0,0,0
15767,2022-12,Jefferson,0,0,0,0,0,0,0,0,0,0,0,0,0,0,0,0,0
15801,2022-01,Clearfield,0,0,0,0,0,0,0,0,0,0,0,0,0,0,0,0,0
15801,2022-02,Clearfield,0,0,0,0,0,0,0,0,0,0,0,0,0,0,0,0,0
15801,2022-03,Clearfield,0,0,0,0,0,0,0,0,0,0,0,0,0,0,0,0,0
15801,2022-04,Clearfield,0,0,0,0,0,0,0,0,0,0,0,0,0,0,0,0,0
15801,2022-05,Clearfield,0,0,0,0,0,0,0,0,0,0,0,0,0,0,0,0,0
15801,2022-06,Clearfield,0,0,0,0,0,0,0,0,0,0,0,0,0,0,0,0,0
15801,2022-07,Clearfield,0,0,0,0,0,0,0,0,0,0,0,0,0,0,0,0,0
15801,2022-08,Clearfield,0,0,0,0,0,0,0,0,0,0,0,0,0,0,0,0,0
15801,2022-09,Clearfield,0,0,1,0,0,0,0,1,0,0,1,0,0,0,0,0,1
15801,2022-10,Clearfield,0,0,0,0,0,0,0,0,0,0,0,0,0,0,0,0,0
15801,2022-11,Clearfield,0,0,0,0,0,0,0,0,0,0,0,0,0,0,0,0,0
15801,2022-12,Clearfield,0,0,0,0,0,0,0,0,0,0,0,0,0,0,0,0,0
15825,2022-01,Jefferson,0,0,0,0,0,0,0,0,0,0,0,0,0,0,0,0,0
15825,2022-02,Jefferson,0,0,0,0,0,0,0,0,0,0,0,0,0,0,0,0,0
15825,2022-03,Jefferson,0,0,0,0,0,0,0,0,0,0,0,0,0,0,0,0,0
15825,2022-04,Jefferson,0,0,0,0,0,0,0,0,0,0,0,0,0,0,0,0,0
15825,2022-05,Jefferson,0,0,0,0,0,0,1,0,0,0,1,0,0,0,0,0,1
15825,2022-06,Jefferson,0,0,0,0,0,0,0,0,0,0,0,0,0,0,0,0,0
15825,2022-07,Jefferson,0,0,0,0,0,0,0,0,0,0,0,0,0,0,0,0,0
15825,2022-08,Jefferson,0,0,0,0,0,0,0,0,0,0,0,0,0,0,0,0,0
15825,2022-09,Jefferson,0,0,0,0,0,0,0,0,0,0,0,0,0,0,0,0,0
15825,2022-10,Jefferson,0,0,0,0,0,0,0,0,0,0,0,0,0,0,0,0,0
15825,2022-11,Jefferson,0,0,0,0,0,0,0,0,0,0,0,0,0,0,0,0,0
15825,2022-12,Jefferson,0,0,0,0,0,0,0,0,0,0,0,0,0,0,0,0,0
15901,2022-01,Cambria,0,0,0,0,0,0,0,0,0,0,0,0,0,0,0,0,0
15901,2022-02,Cambria,0,0,0,0,0,0,0,0,0,0,0,0,0,0,0,0,0
15901,2022-03,Cambria,0,0,0,0,0,0,0,0,0,0,0,0,0,0,0,0,0
15901,2022-04,Cambria,0,0,0,0,0,0,0,0,0,0,0,0,0,0,0,0,0
15901,2022-05,Cambria,0,0,0,0,0,0,0,1,0,0,1,0,0,0,0,0,1
15901,2022-06,Cambria,0,0,0,0,0,0,1,0,0,0,1,0,0,0,0,0,1
15901,2022-07,Cambria,0,0,0,0,0,0,0,1,0,0,1,0,0,0,0,0,1
15901,2022-08,Cambria,0,0,0,0,0,0,0,0,0,0,0,0,0,0,0,0,0
15901,2022-09,Cambria,0,0,0,0,0,0,0,1,0,0,1,0,0,0,0,0,1
15901,2022-10,Cambria,0,0,0,0,0,0,0,0,0,0,0,0,0,0,0,0,0
15901,2022-11,Cambria,0,0,0,0,0,0,0,0,0,0,0,0,0,0,0,0,0
15901,2022-12,Cambria,0,0,0,0,0,0,0,0,0,0,0,0,0,0,0,0,0
15940,2022-01,Cambria,0,0,0,0,1,1,0,0,0,0,1,0,0,0,0,0,1
15940,2022-02,Cambria,0,0,0,0,0,0,0,0,0,0,0,0,0,0,0,0,0
15940,2022-03,Cambria,0,0,0,0,0,0,0,0,0,0,0,0,0,0,0,0,0
15940,2022-04,Cambria,0,0,0,0,0,0,0,0,0,0,0,0,0,0,0,0,0
15940,2022-05,Cambria,0,0,0,0,0,0,0,0,0,0,0,0,0,0,0,0,0
15940,2022-06,Cambria,0,0,0,0,0,0,0,0,0,0,0,0,0,0,0,0,0
15940,2022-07,Cambria,0,0,0,0,0,0,0,0,0,0,0,0,0,0,0,0,0
15940,2022-08,Cambria,0,0,0,0,0,0,0,0,0,0,0,0,0,0,0,0,0
15940,2022-09,Cambria,0,0,0,0,0,0,0,0,0,0,0,0,0,0,0,0,0
15940,2022-10,Cambria,0,0,0,0,0,0,0,0,0,0,0,0,0,0,0,0,0
15940,2022-11,Cambria,0,0,0,0,0,0,0,0,0,0,0,0,0,0,0,0,0
15940,2022-12,Cambria,0,0,0,0,0,0,0,0,0,0,0,0,0,0,0,0,0
16001,2022-01,Butler,0,0,0,0,0,0,0,0,0,0,0,0,0,0,0,0,0
16001,2022-02,Butler,0,0,0,0,0,0,0,0,0,0,0,0,0,0,0,0,0
16001,2022-03,Butler,0,0,0,0,0,0,0,0,0,0,0,0,0,0,0,0,0
16001,2022-04,Butler,0,0,0,0,0,0,0,0,0,0,0,0,0,0,0,0,0
16001,2022-05,Butler,0,0,0,0,0,0,0,0,0,0,0,0,0,0,0,0,0
16001,2022-06,Butler,0,0,0,0,0,0,0,0,0,0,0,0,0,0,0,0,0
16001,2022-07,Butler,0,0,0,0,0,0,0,0,0,0,0,0,0,0,0,0,0
16001,2022-08,Butler,0,0,0,0,0,0,0,0,0,0,0,1,0,0,0,0,1
16001,2022-09,Butler,0,0,0,0,0,0,0,0,0,0,0,0,0,0,0,0,0
16001,2022-10,Butler,0,0,0,0,0,0,0,0,0,0,0,0,0,0,0,0,0
16001,2022-11,Butler,0,0,0,0,0,0,0,0,0,0,0,0,0,0,0,0,0
16001,2022-12,Butler,0,0,0,0,0,0,0,0,0,0,0,0,0,0,0,0,0
16037,2022-01,Butler,0,0,0,0,0,0,0,0,0,0,0,0,0,0,0,0,0
16037,2022-02,Butler,0,0,0,0,0,0,0,0,0,0,0,0,0,0,0,0,0
16037,2022-03,Butler,0,0,0,0,0,0,0,0,0,0,0,0,0,0,0,0,0
16037,2022-04,Butler,0,0,0,0,0,0,0,0,0,0,0,0,0,0,0,0,0
16037,2022-05,Butler,0,0,0,0,0,0,0,0,0,0,0,0,0,0,0,0,0
16037,2022-06,Butler,0,0,0,0,0,0,0,0,0,0,0,0,0,0,0,0,0
16037,2022-07,Butler,0,0,0,0,0,0,0,0,0,0,0,0,0,0,0,0,0
16037,2022-08,Butler,0,0,0,0,0,0,0,0,0,0,0,0,0,0,0,0,0
16037,2022-09,Butler,0,0,0,0,0,0,1,0,0,0,1,0,0,0,0,0,3
16037,2022-10,Butler,0,0,0,0,0,0,0,0,0,0,0,0,0,0,0,0,0
16037,2022-11,Butler,0,0,0,0,0,0,0,0,0,0,0,0,0,0,0,0,0
16037,2022-12,Butler,0,0,0,0,0,0,0,0,0,0,0,0,0,0,0,0,0
16057,2022-01,Butler,0,0,0,0,0,0,0,0,0,0,0,0,0,0,0,0,0
16057,2022-02,Butler,0,0,0,0,0,0,0,0,0,0,0,0,0,0,0,0,0
16057,2022-03,Butler,0,0,0,0,0,0,0,0,0,0,0,0,0,0,0,0,0
16057,2022-04,Butler,0,0,0,0,0,0,0,0,0,0,0,0,0,0,0,0,0
16057,2022-05,Butler,0,0,0,0,0,0,0,0,0,0,0,0,0,0,0,0,0
16057,2022-06,Butler,0,0,0,0,0,0,0,0,0,0,0,0,0,0,0,0,0
16057,2022-07,Butler,0,0,0,0,0,0,0,1,0,0,1,0,0,0,0,0,1
16057,2022-08,Butler,0,0,0,0,0,0,0,0,0,0,0,0,0,0,0,0,0
16057,2022-09,Butler,0,0,0,0,0,0,0,0,0,0,0,0,0,0,0,0,0
16057,2022-10,Butler,0,0,0,0,0,0,0,0,0,0,0,0,0,0,0,0,0
16057,2022-11,Butler,0,0,0,0,0,0,0,0,0,0,0,0,0,0,0,0,0
16057,2022-12,Butler,0,0,0,0,0,0,0,0,0,0,0,0,0,0,0,0,0
16101,2022-01,Lawrence,0,0,0,0,0,0,0,0,0,0,0,0,0,0,0,0,0
16101,2022-02,Lawrence,0,0,0,0,0,0,0,0,0,0,0,0,0,0,0,0,0
16101,2022-03,Lawrence,0,0,0,0,0,0,0,0,0,0,0,0,0,0,0,0,0
16101,2022-04,Lawrence,0,0,0,0,0,0,0,0,0,0,0,0,0,0,0,0,0
16101,2022-05,Lawrence,0,0,0,0,0,0,0,0,0,0,0,0,0,0,0,0,0
16101,2022-06,Lawrence,0,0,0,0,0,0,0,0,0,0,0,0,0,0,0,0,0
16101,2022-07,Lawrence,0,0,0,0,0,0,0,0,0,0,0,0,0,0,0,0,0
16101,2022-08,Lawrence,0,0,0,0,0,0,0,0,0,0,0,0,0,0,0,0,0
16101,2022-09,Lawrence,0,0,0,0,0,0,1,0,0,0,1,0,0,0,0,0,1
16101,2022-10,Lawrence,0,0,0,0,0,0,0,0,0,0,0,0,0,0,0,0,0
16101,2022-11,Lawrence,0,0,0,0,0,0,0,0,0,0,0,0,0,0,0,0,0
16101,2022-12,Lawrence,0,0,0,0,0,0,0,0,0,0,0,0,0,0,0,0,0
16121,2022-01,Mercer,0,0,0,0,0,0,0,0,0,0,0,0,0,0,0,0,0
16121,2022-02,Mercer,0,0,0,0,0,0,0,0,0,0,0,0,0,0,0,0,0
16121,2022-03,Mercer,0,0,0,0,0,0,0,0,0,0,0,0,0,0,0,0,0
16121,2022-04,Mercer,0,0,0,0,0,0,0,0,0,0,0,0,0,0,0,0,0
16121,2022-05,Mercer,0,0,0,0,0,0,0,0,0,0,1,0,0,0,0,0,1
16121,2022-06,Mercer,0,0,0,0,0,0,0,0,0,0,0,0,0,0,0,0,0
16121,2022-07,Mercer,0,0,0,0,0,0,0,0,0,0,0,0,0,0,0,0,0
16121,2022-08,Mercer,0,0,0,0,0,0,0,0,0,0,0,0,0,0,0,0,0
16121,2022-09,Mercer,0,0,0,0,0,0,0,0,0,0,0,0,0,0,0,0,0
16121,2022-10,Mercer,0,0,0,0,0,0,0,0,0,0,0,0,0,0,0,0,0
16121,2022-11,Mercer,0,0,0,0,0,0,0,0,0,0,0,0,0,0,0,0,0
16121,2022-12,Mercer,0,0,0,0,0,0,0,0,0,0,0,0,0,0,0,0,0
16133,2022-01,Mercer,0,0,0,0,0,0,0,0,0,0,0,0,0,0,0,0,0
16133,2022-02,Mercer,0,0,0,0,0,0,0,0,0,0,0,0,0,0,0,0,0
16133,2022-03,Mercer,0,0,0,0,0,0,0,0,0,0,1,0,0,0,0,0,1
16133,2022-04,Mercer,0,0,0,0,0,0,0,0,0,0,0,0,0,0,0,0,0
16133,2022-05,Mercer,0,0,0,0,0,0,0,0,0,0,0,0,0,0,0,0,0
16133,2022-06,Mercer,0,0,0,0,0,0,0,0,0,0,0,0,0,0,0,0,0
16133,2022-07,Mercer,0,0,0,0,0,0,0,0,0,0,0,0,0,0,0,0,0
16133,2022-08,Mercer,0,0,0,0,0,0,0,0,0,0,0,0,0,0,0,0,0
16133,2022-09,Mercer,0,0,0,0,0,0,0,0,0,0,0,0,0,0,0,0,0
16133,2022-10,Mercer,0,0,0,0,0,0,0,0,0,0,0,0,0,0,0,0,0
16133,2022-11,Mercer,0,0,0,0,0,0,0,0,0,0,0,0,0,0,0,0,0
16133,2022-12,Mercer,0,0,0,0,0,0,0,0,0,0,0,0,0,0,0,0,0
16134,2022-01,Mercer,0,0,0,0,0,0,0,0,0,0,0,0,0,0,0,0,0
16134,2022-02,Mercer,0,0,0,0,0,0,0,0,0,0,0,0,0,0,0,0,0
16134,2022-03,Mercer,0,0,0,0,0,0,0,0,0,0,0,0,0,0,0,0,0
16134,2022-04,Mercer,0,0,0,0,0,0,0,0,0,0,0,0,0,0,0,0,0
16134,2022-05,Mercer,0,0,0,1,1,0,0,0,0,0,1,0,0,0,0,0,1
16134,2022-06,Mercer,0,0,0,0,0,0,0,1,0,0,1,0,0,0,0,0,1
16134,2022-07,Mercer,0,0,0,0,0,0,0,0,0,0,0,0,0,0,0,0,0
16134,2022-08,Mercer,0,0,0,0,0,0,0,0,0,0,0,0,0,0,0,0,0
16134,2022-09,Mercer,0,0,0,0,0,0,0,0,0,0,0,0,0,0,0,0,0
16134,2022-10,Mercer,0,0,0,0,0,0,0,0,0,0,0,0,0,0,0,0,0
16134,2022-11,Mercer,0,0,0,0,0,0,0,0,0,0,0,0,0,0,0,0,0
16134,2022-12,Mercer,0,0,0,0,0,0,0,0,0,0,0,0,0,0,0,0,0
16137,2022-01,Mercer,0,0,0,0,0,0,0,0,0,0,0,0,0,0,0,0,0
16137,2022-02,Mercer,0,0,0,0,0,0,0,0,0,0,0,0,0,0,0,0,0
16137,2022-03,Mercer,0,0,0,0,0,0,0,0,0,0,0,0,0,0,0,0,0
16137,2022-04,Mercer,0,0,0,0,0,0,0,0,0,0,0,0,0,0,0,0,0
16137,2022-05,Mercer,0,1,1,0,0,1,0,0,0,0,1,0,0,0,0,0,1
16137,2022-06,Mercer,0,0,0,0,1,1,0,1,0,0,1,0,0,0,0,0,1
16137,2022-07,Mercer,0,0,0,0,0,0,0,0,0,0,0,0,0,0,0,0,0
16137,2022-08,Mercer,0,0,0,0,0,0,0,0,0,0,0,0,0,0,0,0,0
16137,2022-09,Mercer,0,0,0,0,0,0,0,0,0,0,0,0,0,0,0,0,0
16137,2022-10,Mercer,0,0,0,0,0,0,0,0,0,0,0,0,0,0,0,0,0
16137,2022-11,Mercer,0,0,0,0,0,0,0,0,0,0,0,0,0,0,0,0,0
16137,2022-12,Mercer,0,0,0,0,0,0,0,0,0,0,0,0,0,0,0,0,0
16201,2022-01,Armstrong,0,0,0,0,0,0,0,0,0,0,0,0,0,0,0,0,0
16201,2022-02,Armstrong,0,0,0,0,0,0,0,0,0,0,0,0,0,0,0,0,0
16201,2022-03,Armstrong,0,1,1,0,0,0,1,0,0,0,1,0,0,0,0,0,5
16201,2022-04,Armstrong,0,0,0,0,0,0,0,0,0,0,0,0,0,0,0,0,0
16201,2022-05,Armstrong,0,0,0,0,0,0,0,0,0,0,0,0,0,0,0,0,0
16201,2022-06,Armstrong,0,0,0,0,0,0,0,0,0,0,0,0,0,0,0,0,0
16201,2022-07,Armstrong,0,0,0,0,0,0,0,0,0,0,0,0,0,0,0,0,0
16201,2022-08,Armstrong,0,0,0,0,0,0,0,0,0,0,0,0,0,0,0,0,0
16201,2022-09,Armstrong,0,0,0,0,0,0,0,0,0,0,0,0,0,0,0,0,0
16201,2022-10,Armstrong,0,0,0,0,0,0,0,0,0,0,0,0,0,0,0,0,0
16201,2022-11,Armstrong,0,0,0,0,0,0,0,0,0,0,0,0,0,0,0,0,0
16201,2022-12,Armstrong,0,0,0,0,0,0,0,0,0,0,0,0,0,0,0,0,0
16214,2022-01,Clarion,0,0,0,0,0,0,0,0,0,0,0,0,0,0,0,0,0
16214,2022-02,Clarion,0,0,0,0,0,0,0,0,0,0,0,0,0,0,0,0,0
16214,2022-03,Clarion,0,0,0,0,0,0,0,0,0,0,0,0,0,0,0,0,0
16214,2022-04,Clarion,0,0,0,0,0,0,0,0,0,0,0,0,0,0,0,0,0
16214,2022-05,Clarion,0,0,0,0,0,0,0,1,0,0,1,0,0,0,0,0,1
16214,2022-06,Clarion,0,0,0,0,0,0,0,0,0,0,0,0,0,0,0,0,0
16214,2022-07,Clarion,0,0,0,0,0,0,0,0,0,0,0,0,0,0,0,0,0
16214,2022-08,Clarion,0,0,0,0,0,0,0,0,0,0,0,0,0,0,0,0,0
16214,2022-09,Clarion,0,0,0,0,0,0,0,0,0,0,0,0,0,0,0,0,0
16214,2022-10,Clarion,0,0,0,0,0,0,0,1,0,0,1,0,0,0,0,0,1
16214,2022-11,Clarion,0,0,0,0,0,0,0,0,0,0,0,0,0,0,0,0,0
16214,2022-12,Clarion,0,0,0,0,0,0,0,0,0,0,0,0,0,0,0,0,0
16301,2022-01,Venango,0,0,0,0,0,0,0,0,0,0,0,0,0,0,0,0,0
16301,2022-02,Venango,0,0,0,0,0,0,0,0,0,0,0,0,0,0,0,0,0
16301,2022-03,Venango,0,0,0,0,0,0,0,0,0,0,0,0,0,0,0,0,0
16301,2022-04,Venango,0,0,0,0,0,0,0,0,0,0,0,0,0,0,0,0,0
16301,2022-05,Venango,0,0,0,0,0,0,1,0,0,0,1,0,0,0,0,0,1
16301,2022-06,Venango,0,0,0,0,0,0,0,0,0,0,0,0,0,0,0,0,0
16301,2022-07,Venango,0,0,0,0,0,0,0,0,0,0,0,0,0,0,0,0,0
16301,2022-08,Venango,0,0,0,0,0,0,0,0,0,0,0,0,0,0,0,0,0
16301,2022-09,Venango,0,0,0,0,0,0,0,0,0,0,0,0,0,0,0,0,0
16301,2022-10,Venango,0,0,0,0,0,0,0,0,0,0,0,0,0,0,0,0,0
16301,2022-11,Venango,0,0,0,0,0,0,0,0,0,0,0,0,0,0,0,0,0
16301,2022-12,Venango,0,0,0,0,0,0,0,0,0,0,0,0,0,0,0,0,0
16323,2022-01,Venango,0,0,0,0,0,0,0,0,0,0,0,0,0,0,0,0,0
16323,2022-02,Venango,0,0,0,0,0,0,0,0,0,0,0,0,0,0,0,0,0
16323,2022-03,Venango,0,0,0,0,0,0,0,0,0,0,0,0,0,0,0,0,0
16323,2022-04,Venango,0,0,0,0,0,0,0,0,0,0,0,0,0,0,0,0,0
16323,2022-05,Venango,0,0,0,0,0,0,0,0,0,0,0,0,0,0,0,0,0
16323,2022-06,Venango,0,0,0,0,0,0,0,0,0,0,0,0,0,0,0,0,0
16323,2022-07,Venango,0,0,0,0,0,0,0,1,0,0,1,0,0,0,0,0,1
16323,2022-08,Venango,0,0,0,0,0,0,0,1,0,0,1,0,0,0,0,0,2
16323,2022-09,Venango,0,0,0,0,0,0,0,0,0,0,0,0,0,0,0,0,0
16323,2022-10,Venango,0,0,0,0,0,0,0,0,0,0,0,0,0,0,0,0,0
16323,2022-11,Venango,0,0,0,0,0,0,0,0,0,0,0,0,0,0,0,0,0
16323,2022-12,Venango,0,0,0,0,0,0,0,0,0,0,0,0,0,0,0,0,0
16335,2022-01,Crawford,0,0,0,0,0,0,0,0,0,0,0,0,0,0,0,0,0
16335,2022-02,Crawford,0,0,0,1,0,1,0,0,0,0,1,0,0,0,0,0,1
16335,2022-03,Crawford,0,0,0,0,0,0,0,0,0,0,0,0,0,0,0,0,0
16335,2022-04,Crawford,0,0,0,0,0,0,0,0,0,0,0,0,0,0,0,0,0
16335,2022-05,Crawford,0,0,0,0,0,0,0,0,0,0,0,0,0,0,0,0,0
16335,2022-06,Crawford,0,0,0,0,0,0,0,0,0,0,0,0,0,0,0,0,0
16335,2022-07,Crawford,0,0,0,0,0,0,0,0,0,0,0,0,0,0,0,0,0
16335,2022-08,Crawford,0,0,0,0,0,0,0,0,0,0,0,0,0,0,0,0,0
16335,2022-09,Crawford,0,0,0,0,0,0,0,0,0,0,0,0,0,0,0,0,0
16335,2022-10,Crawford,0,0,0,0,0,0,0,0,0,0,0,0,0,0,0,0,0
16335,2022-11,Crawford,0,0,0,0,0,0,0,0,0,0,0,0,0,0,0,0,0
16335,2022-12,Crawford,0,0,0,0,0,0,0,0,0,0,0,0,0,0,0,0,0
16365,2022-01,Warren,0,0,0,0,0,0,0,0,0,0,0,0,0,0,0,0,0
16365,2022-02,Warren,0,0,0,0,0,0,0,0,0,0,0,0,0,0,0,0,0
16365,2022-03,Warren,0,0,0,0,0,0,0,0,0,0,0,0,0,0,0,0,0
16365,2022-04,Warren,0,0,0,0,0,0,0,0,0,0,0,0,0,0,0,0,0
16365,2022-05,Warren,0,0,0,0,0,0,1,0,0,0,1,0,0,0,0,0,1
16365,2022-06,Warren,0,0,0,0,0,0,0,0,0,0,0,0,0,0,0,0,0
16365,2022-07,Warren,0,0,0,0,0,0,0,0,0,0,0,0,0,0,0,0,0
16365,2022-08,Warren,0,0,0,0,0,0,0,0,0,0,0,0,0,0,0,0,0
16365,2022-09,Warren,0,0,0,0,0,0,0,0,0,0,0,0,0,0,0,0,0
16365,2022-10,Warren,0,0,0,0,0,0,0,0,0,0,0,0,0,0,0,0,0
16365,2022-11,Warren,0,0,0,0,0,0,0,0,0,0,0,0,0,0,0,0,0
16365,2022-12,Warren,0,0,0,0,0,0,0,0,0,0,0,0,0,0,0,0,0
16415,2022-01,Erie,0,0,0,0,0,0,0,0,0,0,0,0,0,0,0,0,0
16415,2022-02,Erie,0,0,0,0,0,0,0,0,0,0,0,0,0,0,0,0,0
16415,2022-03,Erie,0,0,0,0,0,0,0,0,0,0,1,0,0,0,0,0,1
16415,2022-04,Erie,0,0,0,0,0,0,0,0,0,0,0,0,0,0,0,0,0
16415,2022-05,Erie,0,0,0,0,0,0,0,0,0,0,0,0,0,0,0,0,0
16415,2022-06,Erie,0,0,0,0,0,1,0,0,0,0,1,0,0,0,0,0,1
16415,2022-07,Erie,0,0,0,0,0,0,0,0,0,0,0,0,0,0,0,0,0
16415,2022-08,Erie,0,0,0,0,0,0,0,0,0,0,0,0,0,0,0,0,0
16415,2022-09,Erie,0,0,0,0,0,0,0,0,0,0,0,0,0,0,0,0,0
16415,2022-10,Erie,0,0,0,0,0,0,0,0,0,0,0,0,0,0,0,0,0
16415,2022-11,Erie,0,0,0,0,0,0,0,0,0,0,0,0,0,0,0,0,0
16415,2022-12,Erie,0,0,0,0,0,0,0,0,0,0,0,0,0,0,0,0,0
16501,2022-01,Erie,0,0,0,0,0,0,0,0,0,0,1,0,0,0,0,0,1
16501,2022-02,Erie,0,0,0,1,1,0,1,0,0,0,1,0,0,0,0,0,2
16501,2022-03,Erie,0,1,1,1,0,0,0,0,0,0,1,0,0,0,0,0,1
16501,2022-04,Erie,0,0,0,0,0,0,0,0,0,0,0,0,0,0,0,0,0
16501,2022-05,Erie,0,0,0,0,1,0,0,1,0,0,1,0,0,0,0,0,2
16501,2022-06,Erie,0,0,1,0,1,1,1,1,0,0,1,0,0,0,0,0,6
16501,2022-07,Erie,0,0,0,0,0,0,0,0,0,0,0,0,0,0,0,0,0
16501,2022-08,Erie,0,0,0,0,0,0,0,0,0,0,0,0,0,0,0,0,0
16501,2022-09,Erie,0,0,0,0,0,0,0,0,0,0,0,0,0,0,0,0,0
16501,2022-10,Erie,0,1,1,0,1,0,0,1,0,0,1,0,0,0,0,0,2
16501,2022-11,Erie,0,0,0,0,1,0,0,0,0,0,1,0,0,0,0,0,1
16501,2022-12,Erie,0,0,0,0,0,0,0,0,0,0,0,0,0,0,0,0,0
16509,2022-01,Erie,0,0,0,0,0,0,0,0,0,0,0,0,0,0,0,0,0
16509,2022-02,Erie,0,0,0,0,0,0,0,0,0,0,0,0,0,0,0,0,0
16509,2022-03,Erie,0,0,0,0,0,0,0,0,0,0,0,0,0,0,0,0,0
16509,2022-04,Erie,0,0,0,0,0,0,0,0,0,0,0,0,0,0,0,0,0
16509,2022-05,Erie,0,0,0,0,0,0,0,0,0,0,0,0,0,0,0,0,0
16509,2022-06,Erie,0,0,0,0,0,0,0,0,0,0,0,0,0,0,0,0,0
16509,2022-07,Erie,0,0,0,0,0,0,0,0,0,0,0,0,0,0,0,0,0
16509,2022-08,Erie,0,0,0,0,0,0,0,0,0,0,0,0,0,0,0,0,0
16509,2022-09,Erie,0,0,0,0,0,0,0,0,0,0,1,0,0,0,0,0,1
16509,2022-10,Erie,0,0,0,0,0,0,0,0,0,0,0,0,0,0,0,0,0
16509,2022-11,Erie,0,0,0,0,0,0,0,0,0,0,0,0,0,0,0,0,0
16509,2022-12,Erie,0,0,0,0,0,0,0,0,0,0,0,0,0,0,0,0,0
16511,2022-01,Erie,0,0,0,0,0,0,0,0,0,0,0,0,0,0,0,0,0
16511,2022-02,Erie,0,0,0,0,0,0,0,0,0,0,0,0,0,0,0,0,0
16511,2022-03,Erie,0,0,0,0,0,0,0,0,0,0,1,0,0,0,0,0,1
16511,2022-04,Erie,0,0,0,0,0,0,0,0,0,0,0,0,0,0,0,0,0
16511,2022-05,Erie,0,0,0,0,0,0,0,0,0,0,0,0,0,0,0,0,0
16511,2022-06,Erie,0,0,0,0,0,0,0,0,0,0,0,0,0,0,0,0,0
16511,2022-07,Erie,0,0,0,0,0,0,0,0,0,0,0,0,0,0,0,0,0
16511,2022-08,Erie,0,0,0,0,0,0,0,0,0,0,0,0,0,0,0,0,0
16511,2022-09,Erie,0,0,0,0,0,0,0,0,0,0,0,0,0,0,0,0,0
16511,2022-10,Erie,0,0,0,0,0,0,0,0,0,0,0,0,0,0,0,0,0
16511,2022-11,Erie,0,0,0,0,0,0,0,0,0,0,0,0,0,0,0,0,0
16511,2022-12,Erie,0,0,0,0,0,0,0,0,0,0,0,0,0,0,0,0,0
16601,2022-01,Blair,0,0,0,0,0,0,0,0,0,0,0,0,0,0,0,0,0
16601,2022-02,Blair,0,0,0,0,0,0,0,0,0,0,0,0,0,0,0,0,0
16601,2022-03,Blair,0,0,0,0,0,0,0,0,0,0,0,0,0,0,0,0,0
16601,2022-04,Blair,0,0,0,0,0,0,0,0,0,0,0,0,0,0,0,0,0
16601,2022-05,Blair,0,0,0,0,0,0,0,0,0,0,0,0,0,0,0,0,0
16601,2022-06,Blair,0,0,0,0,0,0,0,0,0,0,0,0,0,0,0,0,0
16601,2022-07,Blair,0,0,0,0,0,0,0,0,0,0,0,0,0,0,0,0,0
16601,2022-08,Blair,0,0,0,0,0,0,0,0,0,0,0,0,0,0,0,0,0
16601,2022-09,Blair,0,0,0,0,0,0,0,0,0,0,0,0,0,0,0,0,0
16601,2022-10,Blair,0,0,0,0,0,0,0,0,0,0,1,0,0,0,0,0,1
16601,2022-11,Blair,0,0,0,0,0,0,0,0,0,0,0,0,0,0,0,0,0
16601,2022-12,Blair,0,0,0,0,0,0,0,0,0,0,0,0,0,0,0,0,0
16648,2022-01,Blair,0,0,0,0,0,0,0,0,0,0,0,0,0,0,0,0,0
16648,2022-02,Blair,0,0,0,0,0,0,0,0,0,0,1,0,0,0,0,0,1
16648,2022-03,Blair,0,0,0,0,0,0,0,0,0,0,0,0,0,0,0,0,0
16648,2022-04,Blair,0,0,0,0,0,0,0,0,0,0,0,0,0,0,0,0,0
16648,2022-05,Blair,0,0,0,0,0,0,1,0,0,0,1,0,0,0,0,0,1
16648,2022-06,Blair,0,0,0,0,0,0,0,0,0,0,0,0,0,0,0,0,0
16648,2022-07,Blair,0,1,1,0,1,0,0,0,0,0,1,0,0,0,0,0,1
16648,2022-08,Blair,0,0,0,0,0,0,0,0,0,0,0,0,0,0,0,0,0
16648,2022-09,Blair,0,0,0,0,0,0,0,0,0,0,0,0,0,0,0,0,0
16648,2022-10,Blair,0,0,0,0,0,0,0,0,0,0,1,0,0,0,0,0,1
16648,2022-11,Blair,0,0,0,0,0,0,0,0,0,0,0,0,0,0,0,0,0
16648,2022-12,Blair,0,0,0,0,0,0,0,0,0,0,0,0,0,0,0,0,0
16651,2022-01,Clearfield,0,0,0,0,0,0,0,0,0,0,0,0,0,0,0,0,0
16651,2022-02,Clearfield,0,0,0,0,0,0,0,0,0,0,0,0,0,0,0,0,0
16651,2022-03,Clearfield,0,0,0,1,1,0,0,0,0,0,1,0,0,0,0,0,1
16651,2022-04,Clearfield,0,0,0,0,0,0,0,0,0,0,0,0,0,0,0,0,0
16651,2022-05,Clearfield,0,0,0,0,0,0,0,0,0,0,0,0,0,0,0,0,0
16651,2022-06,Clearfield,0,0,0,0,0,0,0,0,0,0,0,0,0,0,0,0,0
16651,2022-07,Clearfield,0,0,0,0,0,0,0,0,0,0,0,0,0,0,0,0,0
16651,2022-08,Clearfield,0,0,0,0,0,0,0,0,0,0,0,0,0,0,0,0,0
16651,2022-09,Clearfield,0,0,0,0,0,0,0,0,0,0,0,0,0,0,0,0,0
16651,2022-10,Clearfield,0,0,0,0,0,0,0,0,0,0,0,0,0,0,0,0,0
16651,2022-11,Clearfield,0,0,0,0,0,0,0,0,0,0,0,0,0,0,0,0,0
16651,2022-12,Clearfield,0,0,0,0,0,0,0,0,0,0,0,0,0,0,0,0,0
16801,2022-01,Centre,0,0,0,0,0,1,0,0,0,0,1,0,0,0,0,0,1
16801,2022-02,Centre,0,0,0,1,0,1,0,0,0,0,1,0,0,0,0,0,1
16801,2022-03,Centre,0,1,1,1,0,1,0,1,0,0,1,0,0,0,0,0,3
16801,2022-04,Centre,0,0,1,1,0,1,0,1,0,0,1,0,0,0,0,0,3
16801,2022-05,Centre,0,1,0,0,1,1,0,1,0,0,1,0,0,0,0,1,3
16801,2022-06,Centre,0,0,1,0,0,1,0,1,0,0,1,0,0,0,0,0,1
16801,2022-07,Centre,0,0,0,0,0,1,0,1,0,0,1,0,0,0,0,0,1
16801,2022-08,Centre,0,0,0,1,0,1,0,0,0,0,1,0,0,0,0,0,1
16801,2022-09,Centre,0,0,0,1,0,1,0,1,0,0,1,0,0,0,0,0,1
16801,2022-10,Centre,0,1,1,0,0,1,1,1,0,1,1,0,0,0,1,0,4
16801,2022-11,Centre,0,1,1,1,0,1,1,1,0,0,1,0,0,0,0,0,5
16801,2022-12,Centre,0,0,1,1,0,1,0,0,0,0,1,0,0,0,0,0,2
16828,2022-01,Centre,0,0,0,0,0,0,0,0,0,0,0,0,0,0,0,0,0
16828,2022-02,Centre,0,0,0,0,0,0,0,0,0,0,0,0,0,0,0,0,0
16828,2022-03,Centre,0,0,0,0,0,0,0,0,0,0,0,0,0,0,0,0,0
16828,2022-04,Centre,0,1,1,0,0,0,1,0,0,0,1,0,0,0,0,0,1
16828,2022-05,Centre,0,0,0,0,0,0,0,0,0,0,0,0,0,0,0,0,0
16828,2022-06,Centre,0,0,0,0,0,0,0,0,0,0,0,0,0,0,0,0,0
16828,2022-07,Centre,0,0,0,0,0,0,0,0,0,0,0,0,0,0,0,0,0
16828,2022-08,Centre,0,0,0,0,0,0,0,0,0,0,0,0,0,0,0,0,0
16828,2022-09,Centre,0,0,0,0,0,0,0,0,0,0,0,0,0,0,0,0,0
16828,2022-10,Centre,0,0,0,0,0,0,0,0,0,0,0,0,0,0,0,0,0
16828,2022-11,Centre,0,0,0,0,0,0,0,0,0,0,0,0,0,0,0,0,0
16828,2022-12,Centre,0,0,0,0,0,0,0,0,0,0,0,0,0,0,0,0,0
16866,2022-01,Centre,0,0,0,0,0,0,0,0,0,0,0,0,0,0,0,0,0
16866,2022-02,Centre,0,0,0,0,0,0,0,0,0,0,0,0,0,0,0,0,0
16866,2022-03,Centre,0,0,0,1,0,0,0,1,0,0,1,0,0,0,0,0,1
16866,2022-04,Centre,0,0,0,0,0,0,0,0,0,0,0,0,0,0,0,0,0
16866,2022-05,Centre,0,0,0,0,0,0,0,0,0,0,0,0,0,0,0,0,0
16866,2022-06,Centre,0,0,0,0,0,0,0,0,0,0,0,0,0,0,0,0,0
16866,2022-07,Centre,0,0,0,0,0,0,0,0,0,0,0,0,0,0,0,0,0
16866,2022-08,Centre,0,0,0,0,0,0,0,0,0,0,0,0,0,0,0,0,0
16866,2022-09,Centre,0,0,0,0,0,0,0,0,0,0,0,0,0,0,0,0,0
16866,2022-10,Centre,0,0,0,0,0,0,0,0,0,0,0,0,0,0,0,0,0
16866,2022-11,Centre,0,0,0,0,0,0,0,0,0,0,0,0,0,0,0,0,0
16866,2022-12,Centre,0,0,0,0,0,0,0,0,0,0,0,0,0,0,0,0,0
17011,2022-01,Cumberland,0,0,0,0,0,0,0,0,0,0,0,0,0,0,0,0,0
17011,2022-02,Cumberland,0,0,0,0,0,0,0,0,0,0,0,0,0,0,0,0,0
17011,2022-03,Cumberland,0,0,0,0,0,0,0,0,0,0,0,0,0,0,0,0,0
17011,2022-04,Cumberland,0,0,0,0,0,0,0,0,0,0,0,0,0,0,0,0,0
17011,2022-05,Cumberland,0,0,0,0,0,0,0,0,0,0,0,0,0,0,0,0,0
17011,2022-06,Cumberland,0,0,0,0,0,0,0,0,0,0,0,0,0,0,0,0,0
17011,2022-07,Cumberland,0,0,0,0,0,0,0,0,0,0,0,0,0,0,0,0,0
17011,2022-08,Cumberland,0,0,0,0,0,0,0,0,0,0,0,0,0,0,0,0,0
17011,2022-09,Cumberland,0,0,1,0,0,0,1,0,0,0,1,0,0,0,0,0,3
17011,2022-10,Cumberland,0,0,0,0,0,0,0,0,0,0,0,0,0,0,0,0,0
17011,2022-11,Cumberland,0,0,0,0,0,0,0,0,0,0,0,0,0,0,0,0,0
17011,2022-12,Cumberland,0,0,0,0,0,0,0,0,0,0,0,0,0,0,0,0,0
17013,2022-01,Cumberland,0,0,0,0,0,0,0,0,0,0,0,0,0,0,0,0,0
17013,2022-02,Cumberland,0,0,0,0,0,0,0,0,0,0,0,0,0,0,0,0,0
17013,2022-03,Cumberland,0,0,0,0,0,0,0,0,0,0,0,0,0,0,0,0,0
17013,2022-04,Cumberland,0,0,0,0,0,0,0,0,0,0,0,0,0,0,0,0,0
17013,2022-05,Cumberland,0,0,0,0,1,0,0,1,0,0,1,0,0,0,0,0,2
17013,2022-06,Cumberland,0,0,0,0,0,0,0,1,0,0,1,0,0,0,0,0,2
17013,2022-07,Cumberland,0,0,0,0,0,0,0,1,0,0,1,0,0,0,0,0,1
17013,2022-08,Cumberland,0,0,0,0,0,0,0,0,0,0,0,0,0,0,0,0,0
17013,2022-09,Cumberland,0,0,0,0,0,0,0,0,0,0,0,0,0,0,0,0,0
17013,2022-10,Cumberland,0,0,0,0,0,0,0,0,0,0,0,0,0,0,0,0,0
17013,2022-11,Cumberland,0,0,0,0,0,0,0,0,0,0,0,0,0,0,0,0,0
17013,2022-12,Cumberland,0,0,0,0,0,0,0,0,0,0,0,0,0,0,0,0,0
17019,2022-01,York,0,0,0,0,0,0,0,0,0,0,0,0,0,0,0,0,0
17019,2022-02,York,0,0,0,0,0,0,0,0,0,0,0,0,0,0,0,0,0
17019,2022-03,York,0,0,0,0,0,0,0,0,0,0,0,0,0,0,0,0,0
17019,2022-04,York,0,0,0,0,0,0,0,0,0,0,0,0,0,0,0,0,0
17019,2022-05,York,0,0,0,0,1,1,0,0,0,0,1,0,0,0,0,0,1
17019,2022-06,York,0,0,0,0,0,0,0,0,0,0,0,0,0,0,0,0,0
17019,2022-07,York,0,0,0,0,0,0,0,0,0,0,0,0,0,0,0,0,0
17019,2022-08,York,0,0,0,0,0,0,0,0,0,0,0,0,0,0,0,0,0
17019,2022-09,York,0,0,0,0,0,0,0,0,0,0,0,0,0,0,0,0,0
17019,2022-10,York,0,0,0,0,0,0,0,0,0,0,0,0,0,0,0,0,0
17019,2022-11,York,0,0,0,0,0,0,0,0,0,0,0,0,0,0,0,0,0
17019,2022-12,York,0,0,0,0,0,0,0,0,0,0,0,0,0,0,0,0,0
17022,2022-01,Lancaster,0,0,0,0,0,0,0,0,0,0,0,0,0,0,0,0,0
17022,2022-02,Lancaster,0,0,0,0,0,0,0,0,0,0,0,0,0,0,0,0,0
17022,2022-03,Lancaster,0,0,0,0,0,1,0,0,0,0,1,0,0,0,0,0,1
17022,2022-04,Lancaster,0,0,0,0,0,0,0,0,0,0,0,0,0,0,0,0,0
17022,2022-05,Lancaster,0,0,0,0,0,0,0,0,0,0,0,0,0,0,0,0,0
17022,2022-06,Lancaster,0,0,0,0,0,0,0,0,0,0,0,0,0,0,0,0,0
17022,2022-07,Lancaster,0,0,0,0,0,0,0,0,0,0,0,0,0,0,0,0,0
17022,2022-08,Lancaster,0,0,0,0,0,0,0,0,0,0,0,0,0,0,0,0,0
17022,2022-09,Lancaster,0,0,0,0,0,0,0,0,0,0,0,0,0,0,0,0,0
17022,2022-10,Lancaster,0,0,0,0,0,0,0,0,0,0,1,0,0,0,0,0,1
17022,2022-11,Lancaster,0,0,0,0,0,0,0,0,0,0,0,0,0,0,0,0,0
17022,2022-12,Lancaster,0,0,0,0,0,0,0,0,0,0,0,0,0,0,0,0,0
17042,2022-01,Lebanon,0,0,0,0,0,0,0,0,0,0,0,0,0,0,0,0,0
17042,2022-02,Lebanon,0,0,0,0,0,0,0,0,0,0,0,0,0,0,0,0,0
17042,2022-03,Lebanon,0,0,0,0,0,0,0,0,0,0,0,0,0,0,0,0,0
17042,2022-04,Lebanon,0,0,0,0,0,0,0,0,0,0,0,0,0,0,0,0,0
17042,2022-05,Lebanon,0,0,0,0,0,0,0,0,0,0,0,0,0,0,0,0,0
17042,2022-06,Lebanon,0,0,0,0,0,0,0,0,0,0,0,0,0,0,0,0,0
17042,2022-07,Lebanon,0,0,0,0,0,0,0,0,0,0,1,0,0,0,0,0,2
17042,2022-08,Lebanon,0,0,0,0,0,0,0,0,0,0,0,0,0,0,0,0,0
17042,2022-09,Lebanon,0,0,0,0,0,0,0,0,0,0,0,0,0,0,0,0,0
17042,2022-10,Lebanon,0,0,0,0,0,0,0,0,0,0,0,0,0,0,0,0,0
17042,2022-11,Lebanon,0,0,0,0,0,0,0,0,0,0,0,0,0,0,0,0,0
17042,2022-12,Lebanon,0,0,0,0,0,0,0,0,0,0,0,0,0,0,0,0,0
17068,2022-01,Perry,0,0,0,0,0,0,0,0,0,0,0,0,0,0,0,0,0
17068,2022-02,Perry,0,0,0,0,0,0,0,0,0,0,0,0,0,0,0,0,0
17068,2022-03,Perry,0,0,0,0,0,0,0,0,0,0,0,0,0,0,0,0,0
17068,2022-04,Perry,0,0,0,0,0,0,0,0,0,0,0,0,0,0,0,0,0
17068,2022-05,Perry,0,0,0,0,0,0,0,0,0,0,0,0,0,0,0,0,0
17068,2022-06,Perry,0,0,0,0,0,0,0,0,0,0,0,0,0,0,0,0,0
17068,2022-07,Perry,0,0,0,0,0,0,0,1,0,0,1,0,0,0,0,0,1
17068,2022-08,Perry,0,0,0,0,0,0,0,0,0,0,0,0,0,0,0,0,0
17068,2022-09,Perry,0,0,0,0,0,0,0,0,0,0,0,0,0,0,0,0,0
17068,2022-10,Perry,0,0,0,0,0,0,0,0,0,0,0,0,0,0,0,0,0
17068,2022-11,Perry,0,0,0,0,0,0,0,0,0,0,0,0,0,0,0,0,0
17068,2022-12,Perry,0,0,0,0,0,0,0,0,0,0,0,0,0,0,0,0,0
17102,2022-01,Dauphin,0,0,0,0,0,0,1,0,0,0,1,0,0,0,0,0,2
17102,2022-02,Dauphin,0,1,1,1,0,1,0,1,0,0,1,0,0,0,0,0,7
17102,2022-03,Dauphin,0,1,1,1,0,1,1,1,1,0,1,0,0,0,0,0,5
17102,2022-04,Dauphin,0,1,1,1,1,1,1,1,0,0,1,0,0,0,0,0,8
17102,2022-05,Dauphin,0,1,1,1,1,1,1,1,0,0,1,0,0,0,0,0,12
17102,2022-06,Dauphin,0,1,1,1,1,0,1,1,0,0,1,0,0,0,0,0,20
17102,2022-07,Dauphin,0,1,1,0,0,0,0,1,0,0,1,0,0,0,0,0,1
17102,2022-08,Dauphin,0,0,0,0,0,1,0,0,0,0,1,0,0,0,0,0,1
17102,2022-09,Dauphin,0,1,1,1,1,1,1,1,0,0,1,0,0,0,0,0,11
17102,2022-10,Dauphin,0,1,1,1,1,1,1,1,0,0,1,0,0,0,0,0,3
17102,2022-11,Dauphin,0,1,1,1,1,0,0,1,0,0,1,0,0,0,0,0,2
17102,2022-12,Dauphin,0,0,0,1,0,0,0,0,0,0,1,0,0,0,0,0,1
17201,2022-01,Franklin,0,0,0,0,0,0,0,1,0,0,1,0,0,0,0,0,1
17201,2022-02,Franklin,0,0,0,0,0,0,0,0,0,0,0,0,0,0,0,0,0
17201,2022-03,Franklin,0,0,0,0,0,0,0,0,0,0,0,0,0,0,0,0,0
17201,2022-04,Franklin,0,1,1,0,1,0,0,1,0,0,1,0,0,0,0,0,1
17201,2022-05,Franklin,0,0,0,0,0,0,0,0,0,0,0,0,0,0,0,0,0
17201,2022-06,Franklin,0,0,0,0,0,0,0,0,0,0,0,0,0,0,0,0,0
17201,2022-07,Franklin,0,0,0,0,0,0,0,0,0,0,0,0,0,0,0,0,0
17201,2022-08,Franklin,0,0,0,0,0,0,0,0,0,0,0,0,0,0,0,0,0
17201,2022-09,Franklin,0,0,0,0,0,1,0,0,0,0,1,0,0,0,0,0,1
17201,2022-10,Franklin,0,0,0,0,0,0,0,0,0,0,0,0,0,0,0,0,0
17201,2022-11,Franklin,0,0,0,0,0,0,0,0,0,0,0,0,0,0,0,0,0
17201,2022-12,Franklin,0,0,0,0,0,0,0,0,0,0,0,0,0,0,0,0,0
17325,2022-01,Adams,0,0,0,0,0,0,0,0,0,0,0,0,0,0,0,0,0
17325,2022-02,Adams,0,0,0,0,0,0,0,0,0,0,0,0,0,0,0,0,0
17325,2022-03,Adams,0,1,1,1,1,1,0,0,0,0,1,0,0,0,0,0,2
17325,2022-04,Adams,0,0,0,0,0,0,0,0,0,0,0,0,0,0,0,0,0
17325,2022-05,Adams,0,0,0,0,0,0,0,0,0,0,0,0,0,0,0,0,0
17325,2022-06,Adams,0,0,0,0,0,0,0,0,0,0,0,0,0,0,0,0,0
17325,2022-07,Adams,0,0,0,0,0,0,0,0,0,0,0,0,0,0,0,0,0
17325,2022-08,Adams,0,0,0,0,0,0,0,0,0,0,0,0,0,0,0,0,0
17325,2022-09,Adams,0,0,0,0,0,0,0,0,0,0,0,0,0,0,0,0,0
17325,2022-10,Adams,0,0,0,0,0,0,0,0,0,0,0,0,0,0,0,0,0
17325,2022-11,Adams,0,0,0,0,0,0,0,0,0,0,0,0,0,0,0,0,0
17325,2022-12,Adams,0,0,0,0,0,0,0,0,0,0,0,0,0,0,0,0,0
17331,2022-01,York,0,0,0,0,0,0,0,0,0,0,0,0,0,0,0,0,0
17331,2022-02,York,0,0,0,0,1,0,0,0,0,0,1,0,0,0,0,0,1
17331,2022-03,York,0,0,0,0,0,0,0,0,0,0,0,0,0,0,0,0,0
17331,2022-04,York,0,0,0,0,0,0,0,0,0,0,0,0,0,0,0,0,0
17331,2022-05,York,0,0,0,0,0,0,0,0,0,0,0,0,0,0,0,0,0
17331,2022-06,York,0,0,0,0,0,0,0,0,0,0,0,0,0,0,0,0,0
17331,2022-07,York,0,0,0,0,0,0,0,1,0,0,1,0,0,0,0,0,1
17331,2022-08,York,0,0,0,0,0,0,0,0,0,0,0,0,0,0,0,0,0
17331,2022-09,York,0,0,0,0,0,0,0,0,0,0,0,0,0,0,0,0,0
17331,2022-10,York,0,0,0,0,0,0,0,0,0,0,0,0,0,0,0,0,0
17331,2022-11,York,0,0,0,0,0,0,0,0,0,0,0,0,0,0,0,0,0
17331,2022-12,York,0,0,0,0,0,0,0,0,0,0,0,0,0,0,0,0,0
17401,2022-01,York,0,0,0,0,0,0,0,0,0,0,0,0,0,0,0,0,0
17401,2022-02,York,0,0,0,0,0,0,0,0,0,0,0,0,0,0,0,0,0
17401,2022-03,York,0,0,0,1,0,0,0,0,0,0,1,0,0,0,0,0,1
17401,2022-04,York,0,1,1,1,0,0,0,0,0,0,1,0,0,0,0,0,1
17401,2022-05,York,0,0,0,0,0,0,0,0,0,0,0,0,0,0,0,0,0
17401,2022-06,York,0,0,0,0,0,0,0,0,0,0,0,0,0,0,0,0,0
17401,2022-07,York,0,0,0,0,0,0,0,1,0,0,1,0,0,0,0,0,1
17401,2022-08,York,0,0,1,0,0,1,0,0,0,0,1,0,0,0,0,0,1
17401,2022-09,York,0,0,0,0,1,1,0,0,0,0,1,0,0,0,0,0,1
17401,2022-10,York,0,0,0,0,0,0,0,0,0,0,0,0,0,0,0,0,0
17401,2022-11,York,0,0,0,1,0,0,0,0,0,0,1,0,0,0,0,0,1
17401,2022-12,York,0,0,0,0,0,0,0,0,0,0,1,0,0,0,0,0,2
17408,2022-01,York,0,0,0,1,0,0,0,1,0,0,1,0,0,0,0,0,1
17408,2022-02,York,0,0,0,0,0,0,0,0,0,0,0,0,0,0,0,0,0
17408,2022-03,York,0,0,0,0,0,0,0,0,0,0,0,0,0,0,0,0,0
17408,2022-04,York,0,0,0,0,0,0,0,0,0,0,0,0,0,0,0,0,0
17408,2022-05,York,0,0,0,0,0,0,0,0,0,0,0,0,0,0,0,0,0
17408,2022-06,York,0,0,0,0,0,0,0,0,0,0,0,0,0,0,0,0,0
17408,2022-07,York,0,0,0,0,0,0,0,0,0,0,0,0,0,0,0,0,0
17408,2022-08,York,0,0,0,0,0,0,0,0,0,0,0,0,0,0,0,0,0
17408,2022-09,York,0,0,0,0,0,0,0,0,0,0,0,0,0,0,0,0,0
17408,2022-10,York,0,0,0,0,0,0,0,0,0,0,0,0,0,0,0,0,0
17408,2022-11,York,0,0,0,0,0,0,0,0,0,0,0,0,0,0,0,0,0
17408,2022-12,York,0,0,0,0,0,0,0,0,0,0,0,0,0,0,0,0,0
17538,2022-01,Lancaster,0,0,0,0,0,0,0,0,0,0,0,0,0,0,0,0,0
17538,2022-02,Lancaster,0,0,0,0,0,0,0,0,0,0,0,0,0,0,0,0,0
17538,2022-03,Lancaster,0,0,0,0,0,0,0,0,0,0,0,0,0,0,0,0,0
17538,2022-04,Lancaster,0,0,0,0,0,0,0,0,0,0,0,0,0,0,0,0,0
17538,2022-05,Lancaster,0,0,0,0,0,0,0,1,0,0,1,0,0,0,0,0,1
17538,2022-06,Lancaster,0,0,0,0,0,0,0,1,0,0,1,0,0,0,0,0,1
17538,2022-07,Lancaster,0,0,0,0,0,1,0,1,0,0,1,0,0,0,0,0,1
17538,2022-08,Lancaster,0,0,0,0,0,0,0,0,0,0,0,0,0,0,0,0,0
17538,2022-09,Lancaster,0,0,0,0,0,0,0,0,0,0,0,0,0,0,0,0,0
17538,2022-10,Lancaster,0,0,0,0,0,0,0,0,0,0,0,0,0,0,0,0,0
17538,2022-11,Lancaster,0,0,0,0,0,0,0,0,0,0,0,0,0,0,0,0,0
17538,2022-12,Lancaster,0,0,0,0,0,0,0,0,0,0,0,0,0,0,0,0,0
17543,2022-01,Lancaster,0,0,0,0,0,0,0,0,0,0,0,0,0,0,0,0,0
17543,2022-02,Lancaster,0,0,0,0,0,0,0,0,0,0,0,0,0,0,0,0,0
17543,2022-03,Lancaster,0,0,0,0,0,0,0,0,0,0,0,0,0,0,0,0,0
17543,2022-04,Lancaster,0,0,0,0,0,0,0,0,0,0,0,0,0,0,0,0,0
17543,2022-05,Lancaster,0,0,0,0,0,0,0,0,0,0,0,0,0,0,0,0,0
17543,2022-06,Lancaster,0,0,0,0,1,0,0,0,0,0,1,0,0,0,0,0,1
17543,2022-07,Lancaster,0,0,0,0,0,0,0,0,0,0,0,0,0,0,0,0,0
17543,2022-08,Lancaster,0,0,0,0,0,0,0,0,0,0,0,0,0,0,0,0,0
17543,2022-09,Lancaster,0,0,0,0,0,0,0,0,0,0,0,0,0,0,0,0,0
17543,2022-10,Lancaster,0,0,0,0,0,0,0,0,0,0,0,0,0,0,0,0,0
17543,2022-11,Lancaster,0,0,0,0,0,0,0,0,0,0,0,0,0,0,0,0,0
17543,2022-12,Lancaster,0,0,0,0,0,0,0,0,0,0,0,0,0,0,0,0,0
17579,2022-01,Lancaster,0,0,0,0,0,0,0,0,0,0,0,0,0,0,0,0,0
17579,2022-02,Lancaster,0,0,0,0,0,0,0,0,0,0,0,0,0,0,0,0,0
17579,2022-03,Lancaster,0,0,0,0,0,0,0,0,0,0,0,0,0,0,0,0,0
17579,2022-04,Lancaster,0,0,0,0,0,0,0,0,0,0,0,0,0,0,0,0,0
17579,2022-05,Lancaster,0,0,0,0,0,0,0,0,0,0,0,0,0,0,0,0,0
17579,2022-06,Lancaster,0,0,0,0,1,1,0,0,0,0,1,0,0,0,0,0,1
17579,2022-07,Lancaster,0,0,0,0,0,0,0,0,0,0,0,0,0,0,0,0,0
17579,2022-08,Lancaster,0,0,0,0,0,0,0,0,0,0,0,0,0,0,0,0,0
17579,2022-09,Lancaster,0,0,0,0,0,0,0,0,0,0,0,0,0,0,0,0,0
17579,2022-10,Lancaster,0,0,0,0,0,0,0,0,0,0,0,0,0,0,0,0,0
17579,2022-11,Lancaster,0,0,0,0,0,0,0,0,0,0,0,0,0,0,0,0,0
17579,2022-12,Lancaster,0,0,0,0,0,0,0,0,0,0,0,0,0,0,0,0,0
17602,2022-01,Lancaster,0,0,0,0,0,0,0,0,0,0,0,0,0,0,0,0,0
17602,2022-02,Lancaster,0,0,0,0,0,0,0,0,0,0,0,0,0,0,0,0,0
17602,2022-03,Lancaster,0,0,0,0,0,0,0,0,0,0,0,0,0,0,0,0,0
17602,2022-04,Lancaster,0,0,0,0,0,0,0,0,0,0,0,0,0,0,0,0,0
17602,2022-05,Lancaster,0,1,1,0,1,1,1,1,0,0,1,0,0,0,0,0,3
17602,2022-06,Lancaster,0,0,1,0,1,0,0,1,0,0,1,0,0,0,0,0,2
17602,2022-07,Lancaster,0,0,0,0,0,0,0,0,0,0,0,0,0,0,0,0,0
17602,2022-08,Lancaster,0,0,0,0,0,0,0,0,0,0,0,0,0,0,0,0,0
17602,2022-09,Lancaster,0,1,1,0,0,0,1,0,0,0,1,0,0,0,0,0,5
17602,2022-10,Lancaster,0,0,0,0,0,0,0,1,0,0,1,0,0,0,0,0,1
17602,2022-11,Lancaster,0,0,0,0,1,0,0,0,0,0,1,0,0,0,0,0,1
17602,2022-12,Lancaster,0,1,0,0,1,0,0,0,0,0,1,0,0,0,0,0,1
17701,2022-01,Lycoming,0,0,0,0,0,0,0,0,0,0,0,0,0,0,0,0,0
17701,2022-02,Lycoming,0,0,0,0,0,0,0,0,0,0,0,0,0,0,0,0,0
17701,2022-03,Lycoming,0,0,0,0,0,0,0,0,0,0,0,0,0,0,0,0,0
17701,2022-04,Lycoming,0,0,0,0,0,0,0,0,0,0,0,0,0,0,0,0,0
17701,2022-05,Lycoming,0,1,1,0,0,1,0,1,0,0,1,0,0,0,0,0,1
17701,2022-06,Lycoming,0,0,0,0,0,0,0,0,0,0,0,0,0,0,0,0,0
17701,2022-07,Lycoming,0,0,0,0,0,0,0,0,0,0,0,0,0,0,0,0,0
17701,2022-08,Lycoming,0,0,0,0,0,0,0,0,0,0,0,0,0,0,0,0,0
17701,2022-09,Lycoming,0,0,0,0,0,0,0,0,0,0,0,0,0,0,0,0,0
17701,2022-10,Lycoming,0,0,0,0,0,0,0,0,0,0,0,0,0,0,0,0,0
17701,2022-11,Lycoming,0,0,0,0,0,0,0,0,0,0,0,0,0,0,0,0,0
17701,2022-12,Lycoming,0,0,0,0,0,0,0,0,0,0,0,0,0,0,0,0,0
17801,2022-01,Northumberland,0,0,0,0,0,0,0,0,0,0,0,0,0,0,0,0,0
17801,2022-02,Northumberland,0,0,0,0,0,0,0,0,0,0,0,0,0,0,0,0,0
17801,2022-03,Northumberland,0,0,0,0,0,0,0,0,0,0,0,0,0,0,0,0,0
17801,2022-04,Northumberland,0,0,0,0,0,0,0,0,0,0,0,0,0,0,0,0,0
17801,2022-05,Northumberland,0,0,0,0,0,0,0,0,0,0,0,0,0,0,0,0,0
17801,2022-06,Northumberland,0,0,0,0,0,0,0,0,0,0,0,0,0,0,0,0,0
17801,2022-07,Northumberland,0,0,0,0,0,0,0,1,0,0,1,0,0,0,0,0,1
17801,2022-08,Northumberland,0,0,0,0,0,0,0,0,0,0,0,0,0,0,0,0,0
17801,2022-09,Northumberland,0,0,0,0,0,0,0,0,0,0,0,0,0,0,0,0,0
17801,2022-10,Northumberland,0,0,0,0,0,0,0,0,0,0,0,0,0,0,0,0,0
17801,2022-11,Northumberland,0,0,0,0,0,0,0,0,0,0,0,0,0,0,0,0,0
17801,2022-12,Northumberland,0,0,0,0,0,0,0,0,0,0,0,0,0,0,0,0,0
17815,2022-01,Columbia,0,0,0,0,0,0,0,0,0,0,0,0,0,0,0,0,0
17815,2022-02,Columbia,0,0,0,0,0,0,0,0,0,0,0,0,0,0,0,0,0
17815,2022-03,Columbia,0,0,0,0,0,0,0,0,0,0,0,0,0,0,0,0,0
17815,2022-04,Columbia,0,0,0,0,0,0,0,0,0,0,0,0,0,0,0,0,0
17815,2022-05,Columbia,0,0,0,0,0,0,0,0,0,0,1,0,0,0,0,0,1
17815,2022-06,Columbia,0,0,0,0,0,1,0,1,0,0,1,0,0,0,0,0,2
17815,2022-07,Columbia,0,0,0,0,0,0,0,0,0,0,0,0,0,0,0,0,0
17815,2022-08,Columbia,0,0,0,0,0,0,0,0,0,0,0,0,0,0,0,0,0
17815,2022-09,Columbia,0,0,0,0,0,0,0,0,0,0,0,0,0,0,0,0,0
17815,2022-10,Columbia,0,0,0,0,0,0,0,0,0,0,0,0,0,0,0,0,0
17815,2022-11,Columbia,0,0,0,0,0,0,0,0,0,0,0,0,0,0,0,0,0
17815,2022-12,Columbia,0,0,0,0,0,0,1,0,0,0,1,0,0,0,0,0,5
17837,2022-01,Union,0,0,0,0,0,0,0,0,0,0,0,0,0,0,0,0,0
17837,2022-02,Union,0,0,0,0,0,1,0,0,0,0,1,0,0,0,0,0,1
17837,2022-03,Union,0,0,0,0,0,0,0,0,0,0,0,0,0,0,0,0,0
17837,2022-04,Union,0,0,0,0,0,0,0,0,0,0,0,0,0,0,0,0,0
17837,2022-05,Union,0,0,0,0,0,0,0,0,0,0,0,0,0,0,0,0,0
17837,2022-06,Union,0,0,0,0,0,0,0,0,0,0,0,0,0,0,0,0,0
17837,2022-07,Union,0,0,0,0,0,0,0,0,0,0,0,0,0,0,0,0,0
17837,2022-08,Union,0,0,0,0,0,0,0,0,0,0,0,0,0,0,0,0,0
17837,2022-09,Union,0,0,0,0,0,0,0,0,0,0,0,0,0,0,0,0,0
17837,2022-10,Union,0,0,0,0,0,0,0,0,0,0,0,0,0,0,0,0,0
17837,2022-11,Union,0,0,0,0,0,0,0,0,0,0,0,0,0,0,0,0,0
17837,2022-12,Union,0,0,0,0,0,0,0,0,0,0,0,0,0,0,0,0,0
17901,2022-01,Schuylkill,0,0,0,0,0,0,0,0,0,0,0,0,0,0,0,0,0
17901,2022-02,Schuylkill,0,0,0,0,0,0,0,0,0,0,0,0,0,0,0,0,0
17901,2022-03,Schuylkill,0,0,0,0,0,0,0,0,0,0,0,0,0,0,0,0,0
17901,2022-04,Schuylkill,0,0,0,0,0,0,0,0,0,0,0,0,0,0,0,0,0
17901,2022-05,Schuylkill,0,0,0,0,0,0,0,1,0,0,1,0,0,0,0,0,1
17901,2022-06,Schuylkill,0,0,0,0,0,0,0,1,0,0,1,0,0,0,0,0,1
17901,2022-07,Schuylkill,0,0,0,0,0,0,0,0,0,0,0,0,0,0,0,0,0
17901,2022-08,Schuylkill,0,0,0,0,0,0,0,0,0,0,0,0,0,0,0,0,0
17901,2022-09,Schuylkill,0,0,0,0,0,0,1,0,0,0,1,0,0,0,0,0,2
17901,2022-10,Schuylkill,0,0,0,0,0,0,0,0,0,0,0,0,0,0,0,0,0
17901,2022-11,Schuylkill,0,0,0,0,0,0,0,0,0,0,0,0,0,0,0,0,0
17901,2022-12,Schuylkill,0,0,0,0,0,0,0,0,0,0,0,0,0,0,0,0,0
17976,2022-01,Schuylkill,0,0,0,0,0,0,0,0,0,0,0,0,0,0,0,0,0
17976,2022-02,Schuylkill,0,0,0,0,0,0,0,0,0,0,0,0,0,0,0,0,0
17976,2022-03,Schuylkill,0,0,0,0,0,0,0,0,0,0,0,0,0,0,0,0,0
17976,2022-04,Schuylkill,0,0,0,0,0,0,0,0,0,0,0,0,0,0,0,0,0
17976,2022-05,Schuylkill,0,0,0,0,0,0,0,0,0,0,0,0,0,0,0,0,0
17976,2022-06,Schuylkill,0,0,0,0,0,0,0,0,0,0,0,0,0,0,0,0,0
17976,2022-07,Schuylkill,0,0,0,0,0,0,0,0,0,0,0,0,0,0,0,0,0
17976,2022-08,Schuylkill,0,0,0,0,0,0,0,0,0,0,0,0,0,0,0,0,0
17976,2022-09,Schuylkill,0,0,0,0,0,0,1,0,0,0,1,0,0,0,0,0,7
17976,2022-10,Schuylkill,0,0,0,0,0,0,0,0,0,0,0,0,0,0,0,0,0
17976,2022-11,Schuylkill,0,0,0,0,0,0,0,0,0,0,0,0,0,0,0,0,0
17976,2022-12,Schuylkill,0,0,0,0,0,0,0,0,0,0,0,0,0,0,0,0,0
18013,2022-01,Northampton,0,0,0,0,0,0,0,0,0,0,0,0,0,0,0,0,0
18013,2022-02,Northampton,0,0,0,0,0,0,0,0,0,0,0,0,0,0,0,0,0
18013,2022-03,Northampton,0,0,0,0,0,0,0,0,0,0,0,1,0,0,0,0,1
18013,2022-04,Northampton,0,0,0,0,0,0,0,0,0,0,0,0,0,0,0,0,0
18013,2022-05,Northampton,0,0,0,0,0,0,0,0,0,0,0,0,0,0,0,0,0
18013,2022-06,Northampton,0,0,0,0,0,0,0,0,0,0,0,0,0,0,0,0,0
18013,2022-07,Northampton,0,0,0,0,0,0,0,0,0,0,0,0,0,0,0,0,0
18013,2022-08,Northampton,0,0,0,0,0,0,0,0,0,0,0,0,0,0,0,0,0
18013,2022-09,Northampton,0,0,0,0,0,0,0,0,0,0,0,0,0,0,0,0,0
18013,2022-10,Northampton,0,0,0,0,0,0,0,0,0,0,0,0,0,0,0,0,0
18013,2022-11,Northampton,0,0,0,0,0,0,0,0,0,0,0,0,0,0,0,0,0
18013,2022-12,Northampton,0,0,0,0,0,0,0,0,0,0,0,0,0,0,0,0,0
18018,2022-01,Northampton,0,0,0,0,0,0,0,0,0,0,0,0,0,0,0,0,0
18018,2022-02,Northampton,0,0,0,0,0,0,0,0,0,0,0,0,0,0,0,0,0
18018,2022-03,Northampton,0,0,0,0,0,0,0,0,0,0,0,0,0,0,0,0,0
18018,2022-04,Northampton,0,1,1,1,1,0,0,1,0,0,1,0,0,0,0,0,1
18018,2022-05,Northampton,0,0,0,0,0,0,0,1,0,0,1,0,0,0,0,0,1
18018,2022-06,Northampton,0,1,1,0,1,1,0,1,0,0,1,0,0,0,0,0,2
18018,2022-07,Northampton,0,0,0,0,0,0,0,0,0,0,0,0,0,0,0,0,0
18018,2022-08,Northampton,0,0,0,0,0,0,0,0,0,0,0,0,0,0,0,0,0
18018,2022-09,Northampton,0,0,0,0,0,0,0,0,0,0,0,0,0,0,0,0,0
18018,2022-10,Northampton,0,0,0,0,0,0,0,0,0,0,0,0,0,0,0,0,0
18018,2022-11,Northampton,0,0,0,0,0,0,0,0,0,0,0,0,0,1,0,0,1
18018,2022-12,Northampton,0,0,0,0,0,0,0,0,0,0,0,0,0,0,0,0,0
18042,2022-01,Northampton,0,0,0,0,0,0,0,0,0,0,0,0,0,0,0,0,0
18042,2022-02,Northampton,0,0,0,0,0,0,0,0,0,0,1,0,0,0,0,0,1
18042,2022-03,Northampton,0,0,0,0,0,0,0,0,0,0,0,0,0,0,0,0,0
18042,2022-04,Northampton,0,0,0,0,0,0,0,0,0,0,0,0,0,0,0,0,0
18042,2022-05,Northampton,0,1,1,0,0,1,0,1,0,0,1,0,0,0,0,0,1
18042,2022-06,Northampton,0,1,1,0,0,0,0,1,0,0,1,0,0,0,0,0,1
18042,2022-07,Northampton,0,1,1,0,0,0,0,1,0,0,1,0,0,0,0,0,1
18042,2022-08,Northampton,0,0,0,0,0,0,0,1,0,0,1,0,0,0,0,0,1
18042,2022-09,Northampton,0,1,1,0,0,0,1,0,0,0,1,0,0,0,0,0,3
18042,2022-10,Northampton,0,0,0,0,0,0,0,0,0,0,0,0,0,0,0,0,0
18042,2022-11,Northampton,0,0,0,0,0,0,0,0,0,0,0,0,0,0,0,0,0
18042,2022-12,Northampton,0,0,0,0,0,0,0,0,0,0,0,0,0,0,0,0,0
18064,2022-01,Northampton,0,0,0,0,0,0,0,0,0,0,0,0,0,0,0,0,0
18064,2022-02,Northampton,0,0,0,0,0,0,0,0,0,0,0,0,0,0,0,0,0
18064,2022-03,Northampton,0,0,0,0,0,0,0,0,0,0,0,0,0,0,0,0,0
18064,2022-04,Northampton,0,0,0,0,0,0,0,0,0,0,0,0,0,0,0,0,0
18064,2022-05,Northampton,0,0,0,0,0,0,0,0,0,0,0,0,0,0,0,0,0
18064,2022-06,Northampton,0,0,0,0,0,0,0,0,0,0,0,0,0,0,0,0,0
18064,2022-07,Northampton,0,0,0,0,0,0,0,0,0,0,0,0,0,0,0,0,0
18064,2022-08,Northampton,0,0,0,0,0,0,0,0,0,0,0,0,0,0,0,0,0
18064,2022-09,Northampton,0,1,0,0,1,0,0,0,0,0,1,0,0,0,0,0,1
18064,2022-10,Northampton,0,0,0,0,0,0,0,0,0,0,0,0,0,0,0,0,0
18064,2022-11,Northampton,0,0,0,0,0,0,0,0,0,0,0,0,0,0,0,0,0
18064,2022-12,Northampton,0,0,0,0,0,0,0,0,0,0,0,0,0,0,0,0,0
18102,2022-01,Lehigh,0,0,0,0,0,0,0,0,0,0,0,0,0,0,0,0,0
18102,2022-02,Lehigh,0,0,0,0,0,0,0,0,0,0,0,0,0,0,0,0,0
18102,2022-03,Lehigh,0,0,0,0,0,0,0,0,0,0,0,0,0,0,0,0,0
18102,2022-04,Lehigh,0,0,0,0,0,0,0,0,0,0,0,0,0,0,0,0,0
18102,2022-05,Lehigh,0,1,1,0,0,0,1,1,0,0,1,0,0,0,0,0,2
18102,2022-06,Lehigh,0,0,0,0,0,0,1,0,0,0,1,1,0,0,0,0,4
18102,2022-07,Lehigh,0,0,0,0,0,0,0,0,0,0,0,0,0,0,0,0,0
18102,2022-08,Lehigh,0,0,1,1,1,0,1,1,0,0,1,0,0,0,0,0,1
18102,2022-09,Lehigh,0,0,0,0,0,0,0,0,0,0,0,1,0,0,0,0,2
18102,2022-10,Lehigh,0,1,1,1,1,0,0,1,0,0,1,1,0,0,0,0,4
18102,2022-11,Lehigh,0,1,1,1,0,0,0,1,0,0,1,0,0,0,0,0,1
18102,2022-12,Lehigh,0,0,0,0,0,0,0,0,0,0,0,0,0,0,0,0,0
18201,2022-01,Luzerne,0,0,0,0,0,0,0,0,0,0,0,0,0,0,0,0,0
18201,2022-02,Luzerne,0,0,0,0,0,0,0,0,0,0,0,0,0,0,0,0,0
18201,2022-03,Luzerne,0,0,0,0,0,0,0,0,0,0,0,0,0,0,0,0,0
18201,2022-04,Luzerne,0,0,0,0,0,0,0,0,0,0,0,0,0,0,0,0,0
18201,2022-05,Luzerne,0,0,0,0,0,0,0,0,0,0,0,0,0,0,0,0,0
18201,2022-06,Luzerne,0,0,0,0,0,0,0,0,0,0,1,0,0,0,0,0,1
18201,2022-07,Luzerne,0,0,0,0,0,0,0,0,0,0,0,0,0,0,0,0,0
18201,2022-08,Luzerne,0,0,0,0,0,0,0,0,0,0,0,0,0,0,0,0,0
18201,2022-09,Luzerne,0,0,0,0,0,0,0,0,0,0,0,0,0,0,0,0,0
18201,2022-10,Luzerne,0,0,0,0,0,0,0,0,0,0,0,0,0,0,0,0,0
18201,2022-11,Luzerne,0,0,0,0,0,0,0,0,0,0,0,0,0,0,0,0,0
18201,2022-12,Luzerne,0,0,0,0,0,0,0,0,0,0,0,0,0,0,0,0,0
18229,2022-01,Carbon,0,0,0,0,0,0,0,0,0,0,0,0,0,0,0,0,0
18229,2022-02,Carbon,0,0,0,0,0,0,0,0,0,0,0,0,0,0,0,0,0
18229,2022-03,Carbon,0,0,0,1,0,0,0,0,0,0,1,0,0,0,0,0,1
18229,2022-04,Carbon,0,0,0,0,0,0,0,0,0,0,0,0,0,0,0,0,0
18229,2022-05,Carbon,0,0,0,0,0,0,0,0,0,0,0,0,0,0,0,0,0
18229,2022-06,Carbon,0,0,0,0,0,0,0,0,0,0,0,0,0,0,0,0,0
18229,2022-07,Carbon,0,0,0,0,0,0,0,0,0,0,0,0,0,0,0,0,0
18229,2022-08,Carbon,0,0,0,0,0,0,0,0,0,0,0,0,0,0,0,0,0
18229,2022-09,Carbon,0,0,0,0,0,0,0,0,0,0,0,0,0,0,0,0,0
18229,2022-10,Carbon,0,0,0,0,0,0,0,0,0,0,0,0,0,0,0,0,0
18229,2022-11,Carbon,0,0,0,0,0,0,0,0,0,0,0,0,0,0,0,0,0
18229,2022-12,Carbon,0,0,0,0,0,0,0,0,0,0,0,0,0,0,0,0,0
18301,2022-01,Monroe,0,0,0,0,0,0,0,0,0,0,0,0,0,0,0,0,0
18301,2022-02,Monroe,0,0,0,0,0,0,0,0,0,0,0,0,0,0,0,0,0
18301,2022-03,Monroe,0,0,0,0,0,0,0,0,0,0,0,0,0,0,0,0,0
18301,2022-04,Monroe,0,0,0,0,0,1,0,1,0,0,1,0,0,0,0,0,1
18301,2022-05,Monroe,0,0,0,0,0,0,0,0,0,0,0,0,0,0,0,0,0
18301,2022-06,Monroe,0,0,0,0,0,0,0,0,0,0,0,0,0,0,0,0,0
18301,2022-07,Monroe,0,0,0,0,0,0,0,0,0,0,0,0,0,0,0,0,0
18301,2022-08,Monroe,0,0,0,0,0,0,0,0,0,0,0,0,0,0,0,0,0
18301,2022-09,Monroe,0,0,0,0,0,0,1,0,0,0,1,0,0,0,0,0,1
18301,2022-10,Monroe,0,0,0,0,0,0,0,0,0,0,0,0,0,0,0,0,0
18301,2022-11,Monroe,0,0,0,0,0,0,0,0,0,0,0,0,0,0,0,0,0
18301,2022-12,Monroe,0,0,0,0,0,0,0,0,0,0,0,0,0,0,0,0,0
18360,2022-01,Monroe,0,0,0,0,0,0,0,0,0,0,0,0,0,0,0,0,0
18360,2022-02,Monroe,0,1,1,1,0,0,0,0,0,0,1,0,0,0,0,0,1
18360,2022-03,Monroe,0,0,0,0,0,0,0,0,0,0,0,0,0,0,0,0,0
18360,2022-04,Monroe,0,0,0,0,0,0,0,0,0,0,0,0,0,0,0,0,0
18360,2022-05,Monroe,0,0,0,0,0,0,0,0,0,0,0,0,0,0,0,0,0
18360,2022-06,Monroe,0,1,1,0,0,1,0,1,0,0,1,0,0,0,0,0,2
18360,2022-07,Monroe,0,0,0,0,0,0,0,0,0,0,0,0,0,0,0,0,0
18360,2022-08,Monroe,0,0,0,0,0,0,0,0,0,0,0,0,0,0,0,0,0
18360,2022-09,Monroe,0,0,0,0,0,0,0,0,0,0,0,0,0,0,0,0,0
18360,2022-10,Monroe,0,0,0,0,0,0,0,0,0,0,0,0,0,0,0,0,0
18360,2022-11,Monroe,0,0,0,0,0,0,0,0,0,0,0,0,0,0,0,0,0
18360,2022-12,Monroe,0,0,0,0,0,0,0,0,0,0,0,0,0,0,0,0,0
18503,2022-01,Lackawanna,0,0,0,0,0,0,0,0,0,0,0,0,0,0,0,0,0
18503,2022-02,Lackawanna,0,0,0,0,0,0,0,0,0,0,0,0,0,0,0,0,0
18503,2022-03,Lackawanna,0,0,0,0,0,0,0,0,0,0,0,0,0,0,0,0,0
18503,2022-04,Lackawanna,0,0,0,0,0,1,0,1,0,0,1,0,0,0,0,0,1
18503,2022-05,Lackawanna,0,0,0,0,0,0,0,1,0,0,1,0,0,0,0,0,1
18503,2022-06,Lackawanna,0,1,1,0,0,1,1,1,0,0,1,0,0,0,0,0,3
18503,2022-07,Lackawanna,0,0,0,0,0,0,0,0,0,0,0,0,0,0,0,0,0
18503,2022-08,Lackawanna,0,0,0,0,0,0,0,0,0,0,0,0,0,0,0,0,0
18503,2022-09,Lackawanna,0,0,0,0,0,0,0,0,0,0,0,0,0,0,0,0,0
18503,2022-10,Lackawanna,0,0,0,0,0,0,0,0,0,0,0,0,0,0,0,0,0
18503,2022-11,Lackawanna,0,0,0,0,0,0,0,0,0,0,0,0,0,0,0,0,0
18503,2022-12,Lackawanna,0,0,0,0,0,0,0,0,0,0,0,0,0,0,0,0,0
18517,2022-01,Lackawanna,0,0,0,0,0,0,0,0,0,0,0,0,0,0,0,0,0
18517,2022-02,Lackawanna,0,0,0,0,0,0,0,0,0,0,0,0,0,0,0,0,0
18517,2022-03,Lackawanna,0,0,0,0,0,0,0,0,0,0,0,0,0,0,0,0,0
18517,2022-04,Lackawanna,0,0,0,0,0,0,0,0,0,0,0,0,0,0,0,0,0
18517,2022-05,Lackawanna,0,0,0,0,0,0,1,0,0,0,1,0,0,0,0,0,1
18517,2022-06,Lackawanna,0,0,0,0,0,0,0,0,0,0,0,0,0,0,0,0,0
18517,2022-07,Lackawanna,0,0,0,0,0,0,0,0,0,0,0,0,0,0,0,0,0
18517,2022-08,Lackawanna,0,0,0,0,0,0,0,0,0,0,0,0,0,0,0,0,0
18517,2022-09,Lackawanna,0,0,0,0,0,0,0,0,0,0,0,0,0,0,0,0,0
18517,2022-10,Lackawanna,0,0,0,0,0,0,0,0,0,0,0,0,0,0,0,0,0
18517,2022-11,Lackawanna,0,0,0,0,0,0,0,0,0,0,0,0,0,0,0,0,0
18517,2022-12,Lackawanna,0,0,0,0,0,0,0,0,0,0,0,0,0,0,0,0,0
18612,2022-01,Luzerne,0,0,0,0,0,0,0,0,0,0,0,0,0,0,0,0,0
18612,2022-02,Luzerne,0,0,0,0,0,0,0,0,0,0,0,0,0,0,0,0,0
18612,2022-03,Luzerne,0,0,0,0,0,0,0,0,0,0,0,0,0,0,0,0,0
18612,2022-04,Luzerne,0,0,0,0,0,0,0,0,0,0,0,0,0,0,0,0,0
18612,2022-05,Luzerne,0,0,0,0,0,0,0,1,0,0,1,0,0,0,0,0,1
18612,2022-06,Luzerne,0,0,0,0,0,0,0,0,0,0,0,0,0,0,0,0,0
18612,2022-07,Luzerne,0,0,0,0,0,0,0,0,0,0,0,0,0,0,0,0,0
18612,2022-08,Luzerne,0,0,0,0,0,0,0,0,0,0,0,0,0,0,0,0,0
18612,2022-09,Luzerne,0,0,0,0,0,0,0,0,0,0,0,0,0,0,0,0,0
18612,2022-10,Luzerne,0,0,0,0,0,0,0,0,0,0,0,0,0,0,0,0,0
18612,2022-11,Luzerne,0,0,0,0,0,0,0,0,0,0,0,0,0,0,0,0,0
18612,2022-12,Luzerne,0,0,0,0,0,0,0,0,0,0,0,0,0,0,0,0,0
18657,2022-01,Wyoming,0,0,0,0,0,0,0,0,0,0,0,0,0,0,0,0,0
18657,2022-02,Wyoming,0,0,0,0,0,0,0,0,0,0,0,0,0,0,0,0,0
18657,2022-03,Wyoming,0,0,0,0,0,0,0,0,0,0,0,0,0,0,0,0,0
18657,2022-04,Wyoming,0,0,0,0,0,0,0,0,0,0,0,0,0,0,0,0,0
18657,2022-05,Wyoming,0,0,0,0,0,0,0,0,0,0,0,0,0,0,0,0,0
18657,2022-06,Wyoming,0,0,0,0,0,0,0,1,0,0,1,0,0,0,0,0,1
18657,2022-07,Wyoming,0,0,0,0,0,0,0,0,0,0,0,0,0,0,0,0,0
18657,2022-08,Wyoming,0,0,0,0,0,0,0,0,0,0,0,0,0,0,0,0,0
18657,2022-09,Wyoming,0,0,0,0,0,0,0,0,0,0,0,0,0,0,0,0,0
18657,2022-10,Wyoming,0,0,0,0,0,0,0,0,0,0,0,0,0,0,0,0,0
18657,2022-11,Wyoming,0,0,0,0,0,0,0,0,0,0,0,0,0,0,0,0,0
18657,2022-12,Wyoming,0,0,0,0,0,0,0,0,0,0,0,0,0,0,0,0,0
18701,2022-01,Luzerne,0,0,0,0,0,0,0,0,0,0,1,0,0,0,0,0,1
18701,2022-02,Luzerne,0,0,0,0,0,0,0,0,0,0,0,0,0,0,0,0,0
18701,2022-03,Luzerne,0,0,0,1,1,0,0,0,0,0,1,0,0,0,0,0,2
18701,2022-04,Luzerne,0,0,0,0,0,0,0,0,0,0,0,0,0,0,0,0,0
18701,2022-05,Luzerne,0,0,1,0,1,1,1,1,0,0,1,0,0,0,0,0,3
18701,2022-06,Luzerne,0,1,1,1,0,1,0,1,0,0,1,0,0,0,0,0,2
18701,2022-07,Luzerne,0,0,0,0,0,0,0,1,0,0,1,0,0,0,0,0,3
18701,2022-08,Luzerne,0,1,0,0,0,0,0,0,0,0,1,0,0,0,0,0,3
18701,2022-09,Luzerne,0,0,0,0,0,0,1,0,0,0,1,0,0,0,0,0,4
18701,2022-10,Luzerne,0,0,0,0,0,0,0,0,0,0,0,0,0,0,0,0,0
18701,2022-11,Luzerne,0,0,0,0,0,0,0,0,0,0,1,0,0,0,0,0,1
18701,2022-12,Luzerne,0,0,0,0,0,0,0,0,0,0,1,0,0,0,0,0,1
18704,2022-01,Luzerne,0,0,0,0,0,0,0,0,0,0,0,0,0,0,0,0,0
18704,2022-02,Luzerne,0,0,0,0,0,0,0,0,0,0,0,0,0,0,0,0,0
18704,2022-03,Luzerne,0,0,0,0,0,0,0,0,0,0,0,0,0,0,0,0,0
18704,2022-04,Luzerne,0,0,0,0,0,0,0,0,0,0,0,0,0,0,0,0,0
18704,2022-05,Luzerne,0,0,0,0,0,0,0,0,0,0,0,0,0,0,0,0,0
18704,2022-06,Luzerne,0,0,0,0,0,0,0,0,0,0,0,0,0,0,0,0,0
18704,2022-07,Luzerne,0,0,0,0,0,0,0,0,0,0,0,0,0,0,0,0,0
18704,2022-08,Luzerne,0,1,1,0,0,0,1,0,0,0,1,0,0,0,0,0,1
18704,2022-09,Luzerne,0,0,0,0,0,0,0,0,0,0,1,0,0,0,0,0,1
18704,2022-10,Luzerne,0,0,0,0,0,0,0,0,0,0,0,0,0,0,0,0,0
18704,2022-11,Luzerne,0,0,0,0,0,0,0,0,0,0,0,0,0,0,0,0,0
18704,2022-12,Luzerne,0,0,0,0,0,0,0,0,0,0,0,0,0,0,0,0,0
18901,2022-01,Bucks,0,0,0,0,0,0,0,0,0,0,0,0,0,0,0,0,0
18901,2022-02,Bucks,0,1,1,1,0,1,0,1,0,0,1,0,0,0,0,0,1
18901,2022-03,Bucks,0,0,0,0,0,0,0,0,0,0,0,0,0,0,0,0,0
18901,2022-04,Bucks,0,0,0,0,0,0,0,0,0,0,0,0,0,0,0,0,0
18901,2022-05,Bucks,0,1,1,1,0,1,1,1,0,0,1,0,0,0,0,0,6
18901,2022-06,Bucks,0,0,0,0,0,0,0,1,0,0,1,0,0,0,0,0,1
18901,2022-07,Bucks,0,0,0,0,1,1,0,1,0,0,1,0,0,0,0,0,2
18901,2022-08,Bucks,0,0,0,0,0,0,0,0,0,0,0,0,0,0,0,0,0
18901,2022-09,Bucks,0,0,0,0,0,0,0,0,0,0,1,0,0,0,0,0,1
18901,2022-10,Bucks,0,0,0,0,0,0,0,0,0,0,0,0,0,0,0,0,0
18901,2022-11,Bucks,0,0,0,0,0,0,0,0,0,0,0,0,0,0,0,0,0
18901,2022-12,Bucks,0,0,0,0,0,0,0,0,0,0,0,0,0,0,0,0,0
19003,2022-01,Montgomery,0,0,0,0,0,0,0,0,0,0,0,0,0,0,0,0,0
19003,2022-02,Montgomery,0,0,0,0,0,0,0,0,0,0,0,0,0,0,0,0,0
19003,2022-03,Montgomery,0,0,0,0,0,0,0,0,0,0,0,0,0,0,0,0,0
19003,2022-04,Montgomery,0,0,0,0,0,0,0,0,0,0,0,1,0,0,0,0,1
19003,2022-05,Montgomery,0,0,0,0,0,0,0,0,0,0,0,0,0,0,0,0,0
19003,2022-06,Montgomery,0,0,0,0,0,0,0,0,0,0,0,0,0,0,0,0,0
19003,2022-07,Montgomery,0,0,0,0,0,0,0,0,0,0,0,0,0,0,0,0,0
19003,2022-08,Montgomery,0,0,0,0,0,0,0,0,0,0,0,0,0,0,0,0,0
19003,2022-09,Montgomery,0,0,0,0,0,0,0,0,0,0,0,0,0,0,0,0,0
19003,2022-10,Montgomery,0,0,0,0,0,0,0,0,0,0,0,0,0,0,0,0,0
19003,2022-11,Montgomery,0,0,0,0,0,0,0,0,0,0,0,0,0,0,0,0,0
19003,2022-12,Montgomery,0,0,0,0,0,0,0,0,0,0,0,0,0,0,0,0,0
19015,2022-01,Delaware,0,0,0,0,0,0,0,0,0,0,0,0,0,0,0,0,0
19015,2022-02,Delaware,0,0,0,0,0,0,0,0,0,0,0,0,0,0,0,0,0
19015,2022-03,Delaware,0,0,0,0,0,0,0,0,0,0,0,0,0,0,0,0,0
19015,2022-04,Delaware,0,0,0,0,0,0,0,0,0,0,0,0,0,0,0,0,0
19015,2022-05,Delaware,0,1,1,0,0,0,1,0,0,0,1,0,0,0,0,0,1
19015,2022-06,Delaware,0,0,0,0,0,0,0,0,0,0,0,0,0,0,0,0,0
19015,2022-07,Delaware,0,0,0,0,0,0,0,0,0,0,0,0,0,0,0,0,0
19015,2022-08,Delaware,0,0,0,0,0,0,0,0,0,0,0,0,0,0,0,0,0
19015,2022-09,Delaware,0,0,0,0,0,0,0,0,0,0,0,0,0,0,0,0,0
19015,2022-10,Delaware,0,0,0,0,0,0,0,0,0,0,0,0,0,0,0,0,0
19015,2022-11,Delaware,0,0,0,0,0,0,0,0,0,0,0,0,0,0,0,0,0
19015,2022-12,Delaware,0,0,0,0,0,0,0,0,0,0,0,0,0,0,0,0,0
19022,2022-01,Delaware,0,0,0,0,0,0,0,0,0,0,0,0,0,0,0,0,0
19022,2022-02,Delaware,0,0,0,0,0,0,0,0,0,0,0,0,0,0,0,0,0
19022,2022-03,Delaware,0,0,0,0,0,0,0,0,0,0,0,0,0,0,0,0,0
19022,2022-04,Delaware,0,0,0,0,0,0,0,0,0,0,0,0,0,0,0,0,0
19022,2022-05,Delaware,0,0,0,0,0,0,0,0,0,0,0,0,0,0,0,0,0
19022,2022-06,Delaware,0,0,0,0,0,0,0,0,0,0,0,0,0,0,0,0,0
19022,2022-07,Delaware,0,0,0,0,0,0,1,0,0,0,1,0,0,0,0,0,1
19022,2022-08,Delaware,0,0,0,0,0,0,0,0,0,0,0,0,0,0,0,0,0
19022,2022-09,Delaware,0,0,0,0,0,0,0,0,0,0,0,0,0,0,0,0,0
19022,2022-10,Delaware,0,0,0,0,0,0,0,0,0,0,0,0,0,0,0,0,0
19022,2022-11,Delaware,0,0,0,0,0,0,0,0,0,0,0,0,0,0,0,0,0
19022,2022-12,Delaware,0,0,0,0,0,0,0,0,0,0,0,0,0,0,0,0,0
19026,2022-01,Delaware,0,0,0,0,0,0,0,0,0,0,0,0,0,0,0,0,0
19026,2022-02,Delaware,0,0,0,0,0,0,0,0,0,0,0,0,0,0,0,0,0
19026,2022-03,Delaware,0,0,0,0,0,0,0,0,0,0,0,0,0,0,0,0,0
19026,2022-04,Delaware,0,0,0,0,0,0,0,0,0,0,0,0,0,0,0,0,0
19026,2022-05,Delaware,0,1,1,0,0,0,1,0,0,0,1,0,0,0,0,0,1
19026,2022-06,Delaware,0,0,0,0,0,0,0,0,0,0,0,0,0,0,0,0,0
19026,2022-07,Delaware,0,0,0,0,0,0,0,0,0,0,0,0,0,0,0,0,0
19026,2022-08,Delaware,0,0,0,0,0,0,0,0,0,0,0,0,0,0,0,0,0
19026,2022-09,Delaware,0,0,0,0,0,0,0,0,0,0,0,0,0,0,0,0,0
19026,2022-10,Delaware,0,0,0,0,0,0,0,0,0,0,0,0,0,0,0,0,0
19026,2022-11,Delaware,0,0,0,0,0,0,0,0,0,0,0,0,0,0,0,0,0
19026,2022-12,Delaware,0,0,0,0,0,0,0,0,0,0,0,0,0,0,0,0,0
19047,2022-01,Bucks,0,0,0,0,0,0,0,0,0,0,0,0,0,0,0,0,0
19047,2022-02,Bucks,0,0,0,0,0,0,0,0,0,0,0,0,0,0,0,0,0
19047,2022-03,Bucks,0,0,0,0,0,0,0,0,0,0,0,0,0,0,0,0,0
19047,2022-04,Bucks,0,0,0,0,0,0,0,0,0,0,0,0,0,0,0,0,0
19047,2022-05,Bucks,0,0,0,0,0,0,0,0,0,0,0,0,0,0,0,0,0
19047,2022-06,Bucks,0,0,1,0,0,0,0,1,0,0,1,0,0,0,0,0,1
19047,2022-07,Bucks,0,0,0,1,0,0,0,1,0,0,1,0,1,0,0,0,2
19047,2022-08,Bucks,0,0,0,0,0,0,0,0,0,0,0,0,0,0,0,0,0
19047,2022-09,Bucks,0,0,0,0,0,0,0,0,0,0,0,0,0,0,0,0,0
19047,2022-10,Bucks,0,1,1,0,0,0,0,0,0,0,1,0,0,0,0,0,1
19047,2022-11,Bucks,0,0,0,0,0,0,0,0,0,0,0,0,0,0,0,0,0
19047,2022-12,Bucks,0,0,0,0,0,0,0,0,0,0,0,0,0,0,0,0,0
19050,2022-01,Delaware,0,0,0,0,0,0,0,0,0,0,0,0,0,0,0,0,0
19050,2022-02,Delaware,0,0,0,0,0,0,0,0,0,0,0,0,0,0,0,0,0
19050,2022-03,Delaware,0,0,0,0,0,1,0,0,0,0,1,0,0,0,0,0,1
19050,2022-04,Delaware,0,0,0,0,0,0,0,0,0,0,0,0,0,0,0,0,0
19050,2022-05,Delaware,0,0,0,0,0,0,0,0,0,0,0,0,0,0,0,0,0
19050,2022-06,Delaware,0,0,0,0,0,0,0,0,0,0,0,0,0,0,0,0,0
19050,2022-07,Delaware,0,0,0,0,0,0,0,0,0,0,0,0,0,0,0,0,0
19050,2022-08,Delaware,0,0,0,0,0,0,0,0,0,0,0,0,0,0,0,0,0
19050,2022-09,Delaware,0,0,0,0,0,0,0,0,0,0,0,0,0,0,0,0,0
19050,2022-10,Delaware,0,0,0,0,0,0,0,0,0,0,0,0,0,0,0,0,0
19050,2022-11,Delaware,0,0,0,0,0,0,0,0,0,0,0,0,0,0,0,0,0
19050,2022-12,Delaware,0,0,0,0,0,0,0,0,0,0,0,0,0,0,0,0,0
19063,2022-01,Delaware,0,0,0,1,0,0,0,0,0,0,1,0,0,0,0,0,1
19063,2022-02,Delaware,0,0,0,0,0,0,0,0,0,0,0,0,0,0,0,0,0
19063,2022-03,Delaware,0,0,0,0,0,0,0,0,0,0,0,0,0,0,0,0,0
19063,2022-04,Delaware,0,0,0,0,0,0,0,0,0,0,0,0,0,0,0,0,0
19063,2022-05,Delaware,0,0,0,0,0,0,0,0,0,0,0,0,0,0,0,0,0
19063,2022-06,Delaware,0,1,1,0,0,0,1,1,0,0,1,0,0,0,0,0,1
19063,2022-07,Delaware,0,0,0,0,0,0,0,0,0,0,0,0,0,0,0,0,0
19063,2022-08,Delaware,0,0,0,0,0,0,0,0,0,0,0,0,0,0,0,0,0
19063,2022-09,Delaware,0,0,0,0,0,0,0,0,0,0,0,0,0,0,0,0,0
19063,2022-10,Delaware,0,0,0,0,0,0,0,0,0,0,0,0,0,0,0,0,0
19063,2022-11,Delaware,0,0,0,0,0,0,0,0,0,0,0,0,0,0,0,0,0
19063,2022-12,Delaware,0,0,0,0,0,0,0,0,0,0,0,0,0,0,0,0,0
19067,2022-01,Bucks,0,0,0,0,0,0,0,0,0,0,0,0,0,0,0,0,0
19067,2022-02,Bucks,0,0,0,0,0,0,0,0,0,0,0,0,0,0,0,0,0
19067,2022-03,Bucks,0,0,0,0,0,0,0,0,0,0,0,0,0,0,0,0,0
19067,2022-04,Bucks,0,0,0,0,0,0,0,0,0,0,0,0,0,0,0,0,0
19067,2022-05,Bucks,0,0,0,0,0,0,0,0,0,0,0,0,0,0,0,0,0
19067,2022-06,Bucks,0,0,0,0,0,0,0,0,0,0,0,0,0,0,0,0,0
19067,2022-07,Bucks,0,0,0,0,0,0,0,0,0,0,0,0,0,0,0,0,0
19067,2022-08,Bucks,0,0,0,0,0,0,0,0,0,0,0,0,0,0,0,0,0
19067,2022-09,Bucks,0,0,0,0,0,0,0,0,0,0,0,0,0,0,0,0,0
19067,2022-10,Bucks,0,0,0,0,0,0,0,1,1,0,1,0,0,0,0,0,1
19067,2022-11,Bucks,0,0,0,0,0,0,0,0,0,0,0,0,0,0,0,0,0
19067,2022-12,Bucks,0,0,0,0,0,0,0,0,0,0,0,0,0,0,0,0,0
19072,2022-01,Montgomery,0,0,0,0,0,0,0,0,0,0,0,0,0,0,0,0,0
19072,2022-02,Montgomery,0,0,0,0,0,0,0,0,0,0,0,0,0,0,0,0,0
19072,2022-03,Montgomery,0,0,0,0,0,0,0,0,0,0,0,0,0,0,0,0,0
19072,2022-04,Montgomery,0,0,0,0,0,0,0,0,0,0,0,0,0,0,0,0,0
19072,2022-05,Montgomery,0,0,0,0,0,0,0,0,0,0,0,0,0,0,0,0,0
19072,2022-06,Montgomery,0,0,0,0,0,0,0,0,0,0,0,0,0,0,0,0,0
19072,2022-07,Montgomery,0,0,0,0,0,0,0,0,0,0,0,0,0,0,0,0,0
19072,2022-08,Montgomery,0,0,0,0,0,0,0,0,0,0,0,0,0,0,0,0,0
19072,2022-09,Montgomery,0,0,0,0,0,0,0,0,0,0,0,0,0,0,0,0,0
19072,2022-10,Montgomery,0,0,0,0,0,0,0,1,0,0,1,1,0,0,0,0,3
19072,2022-11,Montgomery,0,0,0,0,0,0,0,0,0,0,0,0,0,0,0,0,0
19072,2022-12,Montgomery,0,0,0,0,0,0,0,0,0,0,0,0,0,0,0,0,0
19075,2022-01,Montgomery,0,0,0,0,0,0,0,0,0,0,1,0,0,0,0,0,1
19075,2022-02,Montgomery,0,0,0,0,0,0,0,0,0,0,0,0,0,0,0,0,0
19075,2022-03,Montgomery,0,0,0,0,0,0,0,0,0,0,0,0,0,0,0,0,0
19075,2022-04,Montgomery,0,0,0,0,0,0,0,0,0,0,0,0,0,0,0,0,0
19075,2022-05,Montgomery,0,0,0,0,0,0,0,0,0,0,0,0,0,0,0,0,0
19075,2022-06,Montgomery,0,0,0,0,0,0,0,0,0,0,0,0,0,0,0,0,0
19075,2022-07,Montgomery,0,0,0,0,0,0,0,0,0,0,0,0,0,0,0,0,0
19075,2022-08,Montgomery,0,0,0,0,0,0,0,0,0,0,0,0,0,0,0,0,0
19075,2022-09,Montgomery,0,0,0,0,0,0,0,0,0,0,0,0,0,0,0,0,0
19075,2022-10,Montgomery,0,0,0,0,0,0,0,0,0,0,0,0,0,0,0,0,0
19075,2022-11,Montgomery,0,0,0,0,0,0,0,0,0,0,0,0,0,0,0,0,0
19075,2022-12,Montgomery,0,0,0,0,0,0,0,0,0,0,0,0,0,0,0,0,0
19079,2022-01,Delaware,0,0,0,0,0,0,0,0,0,0,0,0,0,0,0,0,0
19079,2022-02,Delaware,0,0,0,0,0,0,0,0,0,0,0,0,0,0,0,0,0
19079,2022-03,Delaware,0,0,0,0,0,0,0,0,0,0,0,0,0,0,0,0,0
19079,2022-04,Delaware,0,0,0,0,0,0,0,0,0,0,0,0,0,0,0,0,0
19079,2022-05,Delaware,0,0,0,0,0,0,0,0,0,0,0,0,0,0,0,0,0
19079,2022-06,Delaware,0,0,0,0,0,0,0,0,0,0,0,0,0,0,0,0,0
19079,2022-07,Delaware,0,0,0,0,0,0,0,0,0,0,0,0,0,0,0,0,0
19079,2022-08,Delaware,0,0,0,0,0,0,0,1,0,0,1,0,0,0,0,0,2
19079,2022-09,Delaware,0,0,0,0,0,0,0,0,0,0,0,0,0,0,0,0,0
19079,2022-10,Delaware,0,0,0,0,0,0,0,0,0,0,0,0,0,0,0,0,0
19079,2022-11,Delaware,0,0,0,0,0,1,0,0,0,0,0,0,0,0,1,0,1
19079,2022-12,Delaware,0,0,0,0,0,0,0,0,0,0,0,0,0,0,0,0,0
19083,2022-01,Delaware,0,0,0,0,0,0,0,0,0,0,0,0,0,0,0,0,0
19083,2022-02,Delaware,0,0,0,0,0,0,0,0,0,0,0,0,0,0,0,0,0
19083,2022-03,Delaware,0,1,1,1,0,0,0,0,0,0,1,0,0,0,0,0,1
19083,2022-04,Delaware,0,0,0,0,0,0,0,0,0,0,0,0,0,0,0,0,0
19083,2022-05,Delaware,0,0,0,0,0,0,0,0,0,0,0,0,0,0,0,0,0
19083,2022-06,Delaware,0,0,0,0,0,0,0,0,0,0,0,0,0,0,0,0,0
19083,2022-07,Delaware,0,0,0,0,0,0,0,0,0,0,0,0,0,0,0,0,0
19083,2022-08,Delaware,0,0,0,0,0,0,0,0,0,0,0,0,0,0,0,0,0
19083,2022-09,Delaware,0,0,0,0,0,0,0,0,0,0,0,0,0,0,0,0,0
19083,2022-10,Delaware,0,0,0,0,0,0,0,0,0,0,0,0,0,0,0,0,0
19083,2022-11,Delaware,0,0,0,0,0,0,0,0,0,0,0,0,0,0,0,0,0
19083,2022-12,Delaware,0,0,0,0,0,0,0,0,0,0,0,0,0,0,0,0,0
19107,2022-01,Philadelphia,0,1,1,1,0,0,1,1,0,0,1,0,0,0,0,0,6
19107,2022-02,Philadelphia,0,1,1,1,1,1,1,1,0,0,1,0,0,0,0,0,9
19107,2022-03,Philadelphia,1,1,1,1,1,1,1,1,0,0,1,1,0,0,0,0,23
19107,2022-04,Philadelphia,0,1,1,1,1,1,1,1,0,0,1,0,0,0,0,0,19
19107,2022-05,Philadelphia,0,1,1,1,1,1,1,1,0,0,1,0,0,0,0,0,21
19107,2022-06,Philadelphia,1,1,1,1,1,1,1,1,0,1,1,0,0,1,0,0,32
19107,2022-07,Philadelphia,0,1,1,1,0,1,1,1,1,0,1,0,0,0,0,0,17
19107,2022-08,Philadelphia,0,1,1,1,1,1,1,1,0,0,1,0,0,0,0,0,13
19107,2022-09,Philadelphia,0,1,1,1,1,1,1,1,0,0,1,0,0,0,0,0,26
19107,2022-10,Philadelphia,0,1,1,1,0,1,1,1,0,0,1,0,1,0,0,0,27
19107,2022-11,Philadelphia,0,1,1,1,0,1,1,1,1,0,1,0,0,0,0,0,11
19107,2022-12,Philadelphia,0,1,1,1,0,1,1,1,0,0,1,0,0,0,0,0,11
19113,2022-01,Delaware,0,0,0,0,0,0,0,0,0,0,0,0,0,0,0,0,0
19113,2022-02,Delaware,0,0,0,0,0,0,0,0,0,0,0,0,0,0,0,0,0
19113,2022-03,Delaware,0,1,1,0,0,0,1,0,0,0,1,0,0,0,0,0,1
19113,2022-04,Delaware,0,0,0,0,0,0,0,0,0,0,0,0,0,0,0,0,0
19113,2022-05,Delaware,0,0,0,0,0,0,1,0,0,0,1,0,0,0,0,0,1
19113,2022-06,Delaware,0,0,0,0,0,0,0,0,0,0,0,0,0,0,0,0,0
19113,2022-07,Delaware,0,0,0,0,0,0,0,0,0,0,0,0,0,0,0,0,0
19113,2022-08,Delaware,0,0,0,0,0,0,0,0,0,0,0,0,0,0,0,0,0
19113,2022-09,Delaware,0,0,0,0,0,0,0,0,0,0,0,0,0,0,0,0,0
19113,2022-10,Delaware,0,0,0,0,0,0,0,0,0,0,0,0,0,0,0,0,0
19113,2022-11,Delaware,0,0,0,0,0,0,1,0,0,0,1,0,0,0,0,0,1
19113,2022-12,Delaware,0,1,1,0,0,0,1,0,0,0,1,0,0,0,0,0,1
19335,2022-01,Chester,0,0,0,0,0,0,0,0,0,0,0,0,1,0,0,0,1
19335,2022-02,Chester,0,0,0,0,0,0,0,0,0,0,0,0,0,0,0,0,0
19335,2022-03,Chester,0,0,0,0,0,0,0,0,0,0,0,0,0,0,0,0,0
19335,2022-04,Chester,0,0,0,0,0,0,0,0,0,0,0,0,0,0,0,0,0
19335,2022-05,Chester,0,0,0,0,0,0,0,0,0,0,0,0,0,0,0,0,0
19335,2022-06,Chester,0,0,0,0,0,0,0,0,0,0,0,0,0,0,0,0,0
19335,2022-07,Chester,0,1,1,0,0,0,0,1,0,0,1,0,0,0,0,0,1
19335,2022-08,Chester,0,0,0,0,0,0,0,0,0,0,0,0,0,0,0,0,0
19335,2022-09,Chester,0,0,0,0,0,0,0,0,0,0,0,0,0,0,0,0,0
19335,2022-10,Chester,0,0,0,0,0,0,0,0,0,0,0,0,0,0,0,0,0
19335,2022-11,Chester,0,0,0,0,0,0,0,0,0,0,0,0,0,0,0,0,0
19335,2022-12,Chester,0,0,0,0,0,0,0,0,0,0,0,0,0,0,0,0,0
19342,2022-01,Delaware,0,0,0,0,0,0,0,0,0,0,0,0,0,0,0,0,0
19342,2022-02,Delaware,0,0,0,0,0,0,0,0,0,0,0,0,0,0,0,0,0
19342,2022-03,Delaware,0,0,0,0,0,0,0,0,0,0,0,0,0,0,0,0,0
19342,2022-04,Delaware,0,0,0,0,0,0,0,0,0,0,0,0,0,0,0,0,0
19342,2022-05,Delaware,0,0,0,0,0,0,0,0,0,0,0,0,0,0,0,0,0
19342,2022-06,Delaware,0,0,0,0,0,0,0,0,0,0,0,0,0,0,0,0,0
19342,2022-07,Delaware,0,0,0,0,0,0,0,0,0,0,0,0,0,0,0,0,0
19342,2022-08,Delaware,0,0,0,0,0,0,0,0,0,0,1,0,0,0,0,0,1
19342,2022-09,Delaware,0,0,0,0,0,0,0,0,0,0,0,0,0,0,0,0,0
19342,2022-10,Delaware,0,0,0,0,0,0,0,0,0,0,0,0,0,0,0,0,0
19342,2022-11,Delaware,0,0,0,0,0,0,0,0,0,0,0,0,0,0,0,0,0
19342,2022-12,Delaware,0,0,0,0,0,0,0,0,0,0,0,0,0,0,0,0,0
19355,2022-01,Chester,0,0,0,0,0,0,0,0,0,0,0,0,0,0,0,0,0
19355,2022-02,Chester,0,0,0,0,0,0,0,0,0,0,0,0,0,0,0,0,0
19355,2022-03,Chester,0,0,0,0,0,0,0,0,0,0,0,0,0,0,0,0,0
19355,2022-04,Chester,0,0,0,0,1,1,0,1,0,0,1,0,0,0,0,0,1
19355,2022-05,Chester,0,0,0,0,0,0,0,0,0,0,0,0,0,0,0,0,0
19355,2022-06,Chester,0,0,0,0,0,0,0,0,0,0,0,0,0,0,0,0,0
19355,2022-07,Chester,0,0,0,0,0,0,0,0,0,0,0,0,0,0,0,0,0
19355,2022-08,Chester,0,0,0,0,0,0,0,0,0,0,0,0,0,0,0,0,0
19355,2022-09,Chester,0,1,0,0,1,0,0,1,0,0,1,0,1,0,0,0,2
19355,2022-10,Chester,0,0,0,0,0,0,0,0,0,0,0,0,0,0,0,0,0
19355,2022-11,Chester,0,0,0,0,0,0,0,0,0,0,0,0,0,0,0,0,0
19355,2022-12,Chester,0,0,0,0,0,0,0,0,0,0,0,0,0,0,0,0,0
19380,2022-01,Chester,0,0,0,0,0,0,0,0,0,0,0,0,0,0,0,0,0
19380,2022-02,Chester,0,0,0,0,0,0,0,0,0,0,0,0,0,0,0,0,0
19380,2022-03,Chester,0,0,0,0,0,0,0,0,0,0,0,0,0,0,0,0,0
19380,2022-04,Chester,0,0,0,0,0,0,0,0,0,0,0,0,0,0,0,0,0
19380,2022-05,Chester,0,1,1,1,1,1,0,1,0,0,1,0,0,0,0,0,1
19380,2022-06,Chester,0,1,1,0,0,1,0,1,0,0,1,0,0,0,0,0,1
19380,2022-07,Chester,0,0,0,0,0,0,0,0,0,0,0,0,0,0,0,0,0
19380,2022-08,Chester,0,0,0,0,0,0,0,0,0,0,0,0,0,0,0,0,0
19380,2022-09,Chester,0,0,0,0,0,0,0,0,0,0,0,0,0,0,0,0,0
19380,2022-10,Chester,0,1,1,0,0,1,0,1,0,0,1,0,0,0,0,0,2
19380,2022-11,Chester,0,0,0,0,0,0,0,0,0,0,0,0,0,0,0,0,0
19380,2022-12,Chester,0,0,0,0,0,1,0,0,0,0,1,0,0,0,0,0,1
19401,2022-01,Montgomery,0,0,0,0,0,0,0,0,0,0,0,0,0,0,0,0,0
19401,2022-02,Montgomery,0,0,0,0,0,0,0,0,0,0,0,0,0,0,0,0,0
19401,2022-03,Montgomery,0,1,1,1,0,1,1,1,0,0,1,0,0,0,0,0,1
19401,2022-04,Montgomery,0,0,0,0,0,0,0,0,0,0,0,0,0,0,0,0,0
19401,2022-05,Montgomery,0,1,1,1,0,0,0,1,0,0,1,0,0,0,0,0,1
19401,2022-06,Montgomery,0,1,1,1,0,0,0,1,0,0,1,0,0,0,0,0,2
19401,2022-07,Montgomery,0,0,0,0,0,0,0,0,0,0,0,0,0,0,0,0,0
19401,2022-08,Montgomery,0,0,0,0,0,0,0,0,0,0,0,0,0,0,0,0,0
19401,2022-09,Montgomery,0,0,0,0,0,0,0,0,0,0,0,0,0,0,0,0,0
19401,2022-10,Montgomery,0,0,0,0,0,0,0,0,0,0,0,0,0,0,0,0,0
19401,2022-11,Montgomery,0,0,0,0,0,0,0,0,0,0,0,0,0,0,0,0,0
19401,2022-12,Montgomery,0,0,0,0,0,0,0,0,0,0,0,0,0,0,0,0,0
19405,2022-01,Montgomery,0,0,0,0,0,0,0,0,0,0,0,0,0,0,0,0,0
19405,2022-02,Montgomery,0,0,0,0,0,0,0,0,0,0,0,0,0,0,0,0,0
19405,2022-03,Montgomery,0,1,1,1,1,1,0,0,0,0,1,0,0,0,0,0,1
19405,2022-04,Montgomery,0,0,0,0,0,0,0,0,0,0,0,0,0,0,0,0,0
19405,2022-05,Montgomery,0,0,0,0,0,0,0,0,0,0,0,0,0,0,0,0,0
19405,2022-06,Montgomery,0,0,0,0,0,0,0,0,0,0,0,0,0,0,0,0,0
19405,2022-07,Montgomery,0,0,0,0,0,0,0,0,0,0,0,0,0,0,0,0,0
19405,2022-08,Montgomery,0,0,0,0,0,0,0,0,0,0,0,0,0,0,0,0,0
19405,2022-09,Montgomery,0,0,0,0,0,0,0,0,0,0,0,0,0,0,0,0,0
19405,2022-10,Montgomery,0,0,0,0,0,0,0,0,0,0,0,0,0,0,0,0,0
19405,2022-11,Montgomery,0,0,0,0,0,0,0,0,0,0,0,0,0,0,0,0,0
19405,2022-12,Montgomery,0,0,0,0,0,0,0,0,0,0,0,0,0,0,0,0,0
19406,2022-01,Montgomery,0,0,0,0,0,0,0,0,0,0,0,0,0,0,0,0,0
19406,2022-02,Montgomery,0,0,0,0,0,0,0,0,0,0,0,0,0,0,0,0,0
19406,2022-03,Montgomery,0,0,0,0,0,0,0,0,0,0,0,0,0,0,0,0,0
19406,2022-04,Montgomery,0,0,0,0,0,0,0,0,0,0,0,0,0,0,0,0,0
19406,2022-05,Montgomery,0,0,0,0,0,0,0,1,0,0,1,0,0,0,0,0,1
19406,2022-06,Montgomery,0,0,0,0,0,1,0,1,0,0,1,0,0,0,0,0,2
19406,2022-07,Montgomery,0,0,0,0,0,0,0,0,0,0,0,0,0,0,0,0,0
19406,2022-08,Montgomery,0,0,0,0,0,0,0,0,0,0,0,0,0,0,0,0,0
19406,2022-09,Montgomery,0,0,0,0,0,0,0,0,0,0,0,0,0,0,0,0,0
19406,2022-10,Montgomery,0,0,0,0,0,0,0,0,0,0,0,0,0,0,0,0,0
19406,2022-11,Montgomery,0,0,0,0,0,0,0,0,0,0,0,0,0,0,0,0,0
19406,2022-12,Montgomery,0,0,0,0,0,0,0,0,0,0,0,0,0,0,0,0,0
19440,2022-01,Montgomery,0,0,0,0,0,0,0,0,0,0,0,0,0,0,0,0,0
19440,2022-02,Montgomery,0,0,0,0,0,0,0,0,0,0,0,0,0,0,0,0,0
19440,2022-03,Montgomery,0,0,0,0,0,0,0,0,0,0,0,0,0,0,0,0,0
19440,2022-04,Montgomery,0,0,0,0,0,0,0,0,0,0,0,0,0,0,0,0,0
19440,2022-05,Montgomery,0,0,0,0,0,0,0,0,0,0,0,0,0,0,0,0,0
19440,2022-06,Montgomery,0,0,0,0,0,0,1,0,0,0,1,0,0,0,0,0,1
19440,2022-07,Montgomery,0,0,0,0,0,0,0,0,0,0,0,0,0,0,0,0,0
19440,2022-08,Montgomery,0,0,0,0,0,0,0,0,0,0,0,0,0,0,0,0,0
19440,2022-09,Montgomery,0,0,0,0,0,0,0,0,0,0,0,0,0,0,0,0,0
19440,2022-10,Montgomery,0,0,0,0,0,0,0,0,0,0,0,0,0,0,0,0,0
19440,2022-11,Montgomery,0,0,0,0,0,0,0,0,0,0,0,0,0,0,0,0,0
19440,2022-12,Montgomery,0,0,0,0,0,0,0,0,0,0,0,0,0,0,0,0,0
19460,2022-01,Chester,0,0,0,0,0,0,0,0,0,0,0,0,0,0,0,0,0
19460,2022-02,Chester,0,0,0,0,0,0,0,0,0,0,0,0,0,0,0,0,0
19460,2022-03,Chester,0,0,0,0,0,0,0,0,0,0,0,0,0,0,0,0,0
19460,2022-04,Chester,0,0,0,0,0,0,0,0,0,0,0,0,0,0,0,0,0
19460,2022-05,Chester,0,0,0,0,0,0,0,0,0,0,0,0,0,0,0,0,0
19460,2022-06,Chester,0,0,0,0,0,1,0,0,0,0,1,0,0,0,0,0,1
19460,2022-07,Chester,0,0,0,0,0,0,0,0,0,0,0,0,0,0,0,0,0
19460,2022-08,Chester,0,0,0,0,0,0,0,0,0,0,0,0,0,0,0,0,0
19460,2022-09,Chester,0,0,0,0,0,0,0,0,0,0,0,0,0,0,0,0,0
19460,2022-10,Chester,0,0,0,0,0,0,0,0,0,0,0,0,0,0,0,0,0
19460,2022-11,Chester,0,0,0,0,0,0,0,0,0,0,0,0,0,0,0,0,0
19460,2022-12,Chester,0,0,0,0,0,0,0,0,0,0,0,0,0,0,0,0,0
19464,2022-01,Montgomery,0,0,0,0,0,0,0,0,0,0,0,0,0,0,0,0,0
19464,2022-02,Montgomery,0,0,0,0,0,0,0,0,0,0,0,0,0,0,0,0,0
19464,2022-03,Montgomery,0,1,0,0,1,1,0,0,0,0,1,0,0,0,0,0,1
19464,2022-04,Montgomery,0,0,0,1,0,0,0,1,0,0,1,0,0,0,0,0,1
19464,2022-05,Montgomery,0,0,0,0,0,0,0,0,0,0,0,0,0,0,0,0,0
19464,2022-06,Montgomery,0,1,0,1,1,0,0,1,0,0,1,0,0,0,0,0,2
19464,2022-07,Montgomery,0,0,0,0,0,0,0,0,0,0,0,0,0,0,0,0,0
19464,2022-08,Montgomery,0,0,0,0,0,0,0,0,0,0,0,0,0,0,0,0,0
19464,2022-09,Montgomery,0,0,0,0,0,0,0,0,0,0,0,0,0,0,0,0,0
19464,2022-10,Montgomery,0,0,0,0,0,0,0,0,0,0,0,0,0,0,0,0,0
19464,2022-11,Montgomery,0,0,0,0,0,0,0,0,0,0,0,0,0,0,0,0,0
19464,2022-12,Montgomery,0,0,0,0,0,0,0,0,0,0,0,0,0,0,0,0,0
19530,2022-01,Berks,0,0,0,0,0,0,0,0,0,0,0,0,0,0,0,0,0
19530,2022-02,Berks,0,0,0,0,0,1,1,0,0,0,1,0,0,0,0,0,1
19530,2022-03,Berks,0,0,0,0,0,0,0,0,0,0,0,0,0,0,0,0,0
19530,2022-04,Berks,0,0,0,0,0,0,0,0,0,0,0,0,0,0,0,0,0
19530,2022-05,Berks,0,0,0,0,0,0,0,0,0,0,0,0,0,0,0,0,0
19530,2022-06,Berks,0,0,0,0,0,0,0,1,0,0,1,0,0,0,0,0,1
19530,2022-07,Berks,0,0,0,0,0,0,0,0,0,0,0,0,0,0,0,0,0
19530,2022-08,Berks,0,0,0,0,0,0,0,0,0,0,0,0,0,0,0,0,0
19530,2022-09,Berks,0,0,0,0,0,0,0,0,0,0,0,0,0,0,0,0,0
19530,2022-10,Berks,0,0,0,0,0,0,0,0,0,0,0,0,0,0,0,0,0
19530,2022-11,Berks,0,0,0,0,0,0,0,0,0,0,0,0,0,0,0,0,0
19530,2022-12,Berks,0,0,0,0,0,0,0,0,0,0,0,0,0,0,0,0,0
19533,2022-01,Berks,0,0,0,0,0,0,0,0,0,0,0,0,0,0,0,0,0
19533,2022-02,Berks,0,0,0,0,0,0,0,0,0,0,0,0,0,0,0,0,0
19533,2022-03,Berks,0,1,1,1,0,0,0,1,0,0,1,0,0,0,0,0,1
19533,2022-04,Berks,0,0,0,0,0,0,0,0,0,0,0,0,0,0,0,0,0
19533,2022-05,Berks,0,0,0,0,0,0,0,0,0,0,0,0,0,0,0,0,0
19533,2022-06,Berks,0,0,0,0,0,0,0,0,0,0,0,0,0,0,0,0,0
19533,2022-07,Berks,0,0,0,1,0,0,0,1,0,0,1,0,0,0,0,0,1
19533,2022-08,Berks,0,0,0,0,0,0,0,0,0,0,0,0,0,0,0,0,0
19533,2022-09,Berks,0,0,0,0,0,0,0,0,0,0,0,0,0,0,0,0,0
19533,2022-10,Berks,0,0,0,0,0,0,0,0,0,0,0,0,0,0,0,0,0
19533,2022-11,Berks,0,0,0,0,0,0,0,0,0,0,0,0,0,0,0,0,0
19533,2022-12,Berks,0,0,0,1,0,0,0,1,0,0,1,0,0,0,0,0,1
19601,2022-01,Berks,0,1,1,0,0,0,0,1,0,0,1,0,0,0,0,0,1
19601,2022-02,Berks,0,0,0,0,0,0,0,0,0,0,0,0,0,0,0,0,0
19601,2022-03,Berks,0,0,0,1,1,0,0,1,0,0,1,0,0,0,0,0,2
19601,2022-04,Berks,0,1,1,0,0,0,0,0,0,0,1,0,0,0,0,0,1
19601,2022-05,Berks,0,0,0,0,0,0,1,0,0,0,1,0,0,0,0,0,1
19601,2022-06,Berks,0,0,0,1,0,0,0,1,0,0,1,0,0,0,0,0,1
19601,2022-07,Berks,0,0,0,0,0,0,0,0,0,0,0,0,0,0,0,0,0
19601,2022-08,Berks,0,0,0,0,0,0,0,0,0,0,0,0,0,0,0,0,0
19601,2022-09,Berks,0,1,1,0,0,0,1,0,0,0,1,0,0,0,0,0,3
19601,2022-10,Berks,0,0,0,0,0,0,0,0,0,0,0,0,0,0,0,0,0
19601,2022-11,Berks,0,1,1,0,1,0,0,1,0,0,1,0,0,0,0,0,2
19601,2022-12,Berks,0,0,0,0,0,0,0,0,0,0,0,0,0,0,0,0,0
19610,2022-01,Berks,0,0,0,0,0,0,0,0,0,0,0,0,0,0,0,0,0
19610,2022-02,Berks,0,0,0,0,0,0,0,0,0,0,0,0,0,0,0,0,0
19610,2022-03,Berks,0,0,0,0,0,0,0,0,0,0,0,0,0,0,0,0,0
19610,2022-04,Berks,0,0,0,0,0,0,0,0,0,0,0,0,0,0,0,0,0
19610,2022-05,Berks,0,0,0,0,0,0,0,0,0,0,0,0,0,0,0,0,0
19610,2022-06,Berks,0,1,1,0,0,0,0,1,0,0,1,0,0,0,0,0,1
19610,2022-07,Berks,0,0,0,0,0,0,0,0,0,0,0,0,0,0,0,0,0
19610,2022-08,Berks,0,0,0,0,0,0,0,0,0,0,0,0,0,0,0,0,0
19610,2022-09,Berks,0,0,0,0,0,0,0,0,0,0,0,0,0,0,0,0,0
19610,2022-10,Berks,0,0,0,0,0,0,0,0,0,0,0,0,0,0,0,0,0
19610,2022-11,Berks,0,0,0,0,0,0,0,0,0,0,0,0,0,0,0,0,0
19610,2022-12,Berks,0,0,0,0,0,0,0,0,0,0,0,0,0,0,0,0,0
