countyname,margin_dem,margin_rep,margin_npp,margin_rin,margin_lib,margin_grn,margin_con,margin_ind,margin_oth,margin_unk
BERKS,720,0,72475,103093,103947,105057,105392,105404,102464,105415
BLAIR,26756,0,38891,45420,45990,46281,46341,46345,45881,46350
ADAMS,20843,0,30292,37916,38351,38649,38712,38720,37999,38722
ALLEGHENY,0,250860,394564,486942,492878,496213,497196,497158,488556,497272
ARMSTRONG,13217,0,20962,23727,24069,24240,24257,24265,24026,24268
BEAVER,0,1850,37685,46213,46855,47338,47415,47421,44733,47425
BEDFORD,17033,0,20579,22462,22690,22784,22797,22795,22657,22799
BRADFORD,14836,0,19298,22233,22494,22657,22687,22687,22368,22693
BUTLER,35942,0,60053,72541,73550,74220,74292,74309,73247,74317
CAMBRIA,8966,0,34211,39880,40607,40875,40926,40929,40514,40931
CARBON,6389,0,15637,19722,20179,20368,20396,20399,20022,20403
CLARION,8643,0,12453,14010,14233,14314,14328,14326,14137,14331
CRAWFORD,13866,0,24213,28060,28577,28749,28784,28781,28447,28797
FAYETTE,1950,0,28835,33932,34327,34548,34589,34576,34000,34597
FRANKLIN,36294,0,48093,57160,57908,58296,58363,58351,57142,58371
FULTON,4984,0,5920,6436,6478,6513,6517,6519,6396,6520
HUNTINGDON,11049,0,15560,17397,17580,17650,17680,17686,17520,17686
JUNIATA,6604,0,8332,9193,9322,9358,9367,9370,9290,9370
LACKAWANNA,0,31593,63809,74715,75776,76166,76302,76314,75590,76321
LANCASTER,63669,0,126103,166213,168427,169971,170337,170364,167472,170381
LAWRENCE,5429,0,21563,25878,26310,26517,26547,26553,26086,26554
LYCOMING,22538,0,33932,39921,40468,40774,40821,40823,40106,40828
MCKEAN,9193,0,12198,14281,14482,14589,14607,14614,14395,14615
MIFFLIN,11361,0,14848,16791,16973,17075,17094,17098,16964,17100
NORTHAMPTON,0,15217,58024,88661,90212,91119,91344,91359,89438,91375
PERRY,13269,0,16561,18926,19125,19286,19305,19305,19083,19307
PHILADELPHIA,0,623030,630076,725587,728509,730076,731382,731318,717320,731412
PIKE,6256,0,11996,17951,18530,18680,18687,18724,18102,18726
POTTER,5403,0,6404,7106,7157,7201,7205,7208,7125,7210
SCHUYLKILL,20728,0,39120,46629,47268,47607,47705,47712,46814,47716
SOMERSET,18527,0,26666,29862,30192,30372,30396,30398,30356,30399
SULLIVAN,1421,0,2244,2485,2546,2566,2569,2566,2535,2569
SUSQUEHANNA,9293,0,13188,15255,15537,15630,15650,15658,15382,15661
TIOGA,11158,0,13836,15833,16042,16144,16164,16168,15961,16171
UNION,6058,0,10144,13105,13339,13405,13437,13440,13219,13445
WARREN,7336,0,11836,13191,14015,14095,14111,14118,13887,14121
WAYNE,10322,0,14752,18420,18740,18860,18885,18904,18629,18904
WYOMING,5524,0,8877,9983,10203,10257,10275,10280,10153,10280
BUCKS,0,5484,128484,187228,189765,191721,192188,192182,188470,192221
CAMERON,964,0,1482,1644,1696,1708,1709,1710,1687,1710
CENTRE,67,0,26350,37482,37951,38390,38493,38488,36864,38501
CHESTER,0,7813,96356,147604,149710,151147,151521,151499,148149,151540
CLEARFIELD,14982,0,24035,27352,27663,27844,27870,27867,27413,27875
CLINTON,5145,0,9529,11414,11588,11675,11692,11689,11560,11695
COLUMBIA,7750,0,15272,19368,19665,19851,19890,19894,19625,19897
CUMBERLAND,25790,0,60790,80083,81383,82135,82322,82323,80810,82337
DAUPHIN,0,10099,57124,78542,79752,80420,80610,80612,78728,80625
DELAWARE,0,53010,151548,191811,193619,194625,194970,194959,189798,194990
ELK,4351,0,9051,10566,10698,10752,10769,10763,10631,10770
ERIE,0,13617,59362,75297,76563,77261,77459,77472,75844,77473
GREENE,2201,0,8967,10182,10332,10380,10403,10402,10228,10403
INDIANA,10997,0,20999,24427,24646,24808,24836,24839,24612,24842
JEFFERSON,12028,0,15723,17462,17639,17761,17771,17774,17569,17776
LEBANON,23223,0,37772,47625,48229,48643,48722,48716,47770,48728
LEHIGH,0,27324,71220,104103,105640,106563,106775,106796,104309,106809
LUZERNE,0,6249,66258,82225,83793,84455,84661,84680,82947,84683
MERCER,9427,0,27213,33484,34011,34275,34329,34332,33651,34335
MONROE,0,9565,29490,44719,45720,46161,46257,46256,44878,46286
MONTGOMERY,0,93921,213958,284355,287336,289456,290071,290087,284645,290098
MONTOUR,2285,0,4644,5937,6010,6054,6062,6062,5977,6065
NORTHUMBERLAND,13106,0,23521,28111,28584,28796,28866,28872,28402,28874
SNYDER,9965,0,12611,14235,14402,14496,14512,14516,14326,14518
VENANGO,9950,0,15286,17853,18186,18347,18370,18372,18250,18372
WASHINGTON,9040,0,51254,62991,63789,64301,64385,64360,63282,64409
WESTMORELAND,27341,0,95436,114858,116431,117555,117676,117692,115749,117710
YORK,58654,0,111320,147175,148816,150316,150595,150633,148262,150648
