ZCTA,event_MY,admin2,event_count
15009,2021-01,Beaver,1
15009,2021-02,Beaver,0
15009,2021-03,Beaver,1
15009,2021-04,Beaver,0
15009,2021-05,Beaver,1
15009,2021-06,Beaver,0
15009,2021-07,Beaver,0
15009,2021-08,Beaver,0
15009,2021-09,Beaver,0
15009,2021-10,Beaver,0
15009,2021-11,Beaver,0
15009,2021-12,Beaver,0
15014,2021-01,Allegheny,0
15014,2021-02,Allegheny,0
15014,2021-03,Allegheny,1
15014,2021-04,Allegheny,1
15014,2021-05,Allegheny,0
15014,2021-06,Allegheny,0
15014,2021-07,Allegheny,0
15014,2021-08,Allegheny,0
15014,2021-09,Allegheny,0
15014,2021-10,Allegheny,0
15014,2021-11,Allegheny,0
15014,2021-12,Allegheny,0
15017,2021-01,Allegheny,1
15017,2021-02,Allegheny,1
15017,2021-03,Allegheny,0
15017,2021-04,Allegheny,0
15017,2021-05,Allegheny,0
15017,2021-06,Allegheny,0
15017,2021-07,Allegheny,0
15017,2021-08,Allegheny,0
15017,2021-09,Allegheny,1
15017,2021-10,Allegheny,0
15017,2021-11,Allegheny,0
15017,2021-12,Allegheny,0
15024,2021-01,Allegheny,0
15024,2021-02,Allegheny,0
15024,2021-03,Allegheny,1
15024,2021-04,Allegheny,0
15024,2021-05,Allegheny,0
15024,2021-06,Allegheny,0
15024,2021-07,Allegheny,0
15024,2021-08,Allegheny,0
15024,2021-09,Allegheny,0
15024,2021-10,Allegheny,0
15024,2021-11,Allegheny,0
15024,2021-12,Allegheny,0
15044,2021-01,Allegheny,0
15044,2021-02,Allegheny,0
15044,2021-03,Allegheny,1
15044,2021-04,Allegheny,2
15044,2021-05,Allegheny,0
15044,2021-06,Allegheny,0
15044,2021-07,Allegheny,0
15044,2021-08,Allegheny,0
15044,2021-09,Allegheny,0
15044,2021-10,Allegheny,0
15044,2021-11,Allegheny,0
15044,2021-12,Allegheny,0
15090,2021-01,Allegheny,0
15090,2021-02,Allegheny,0
15090,2021-03,Allegheny,0
15090,2021-04,Allegheny,0
15090,2021-05,Allegheny,0
15090,2021-06,Allegheny,0
15090,2021-07,Allegheny,1
15090,2021-08,Allegheny,2
15090,2021-09,Allegheny,0
15090,2021-10,Allegheny,0
15090,2021-11,Allegheny,0
15090,2021-12,Allegheny,0
15136,2021-01,Allegheny,0
15136,2021-02,Allegheny,0
15136,2021-03,Allegheny,0
15136,2021-04,Allegheny,0
15136,2021-05,Allegheny,0
15136,2021-06,Allegheny,0
15136,2021-07,Allegheny,0
15136,2021-08,Allegheny,0
15136,2021-09,Allegheny,1
15136,2021-10,Allegheny,0
15136,2021-11,Allegheny,0
15136,2021-12,Allegheny,0
15147,2021-01,Allegheny,0
15147,2021-02,Allegheny,0
15147,2021-03,Allegheny,0
15147,2021-04,Allegheny,0
15147,2021-05,Allegheny,2
15147,2021-06,Allegheny,1
15147,2021-07,Allegheny,0
15147,2021-08,Allegheny,0
15147,2021-09,Allegheny,0
15147,2021-10,Allegheny,0
15147,2021-11,Allegheny,0
15147,2021-12,Allegheny,0
15205,2021-01,Allegheny,0
15205,2021-02,Allegheny,0
15205,2021-03,Allegheny,1
15205,2021-04,Allegheny,0
15205,2021-05,Allegheny,0
15205,2021-06,Allegheny,0
15205,2021-07,Allegheny,0
15205,2021-08,Allegheny,0
15205,2021-09,Allegheny,0
15205,2021-10,Allegheny,0
15205,2021-11,Allegheny,0
15205,2021-12,Allegheny,0
15219,2021-01,Allegheny,3
15219,2021-02,Allegheny,2
15219,2021-03,Allegheny,18
15219,2021-04,Allegheny,9
15219,2021-05,Allegheny,13
15219,2021-06,Allegheny,12
15219,2021-07,Allegheny,5
15219,2021-08,Allegheny,5
15219,2021-09,Allegheny,3
15219,2021-10,Allegheny,8
15219,2021-11,Allegheny,9
15219,2021-12,Allegheny,6
15228,2021-01,Allegheny,0
15228,2021-02,Allegheny,0
15228,2021-03,Allegheny,0
15228,2021-04,Allegheny,0
15228,2021-05,Allegheny,0
15228,2021-06,Allegheny,0
15228,2021-07,Allegheny,1
15228,2021-08,Allegheny,0
15228,2021-09,Allegheny,0
15228,2021-10,Allegheny,0
15228,2021-11,Allegheny,0
15228,2021-12,Allegheny,0
15235,2021-01,Allegheny,0
15235,2021-02,Allegheny,0
15235,2021-03,Allegheny,0
15235,2021-04,Allegheny,0
15235,2021-05,Allegheny,0
15235,2021-06,Allegheny,0
15235,2021-07,Allegheny,1
15235,2021-08,Allegheny,0
15235,2021-09,Allegheny,0
15235,2021-10,Allegheny,0
15235,2021-11,Allegheny,0
15235,2021-12,Allegheny,0
15239,2021-01,Allegheny,0
15239,2021-02,Allegheny,0
15239,2021-03,Allegheny,0
15239,2021-04,Allegheny,0
15239,2021-05,Allegheny,0
15239,2021-06,Allegheny,0
15239,2021-07,Allegheny,0
15239,2021-08,Allegheny,0
15239,2021-09,Allegheny,0
15239,2021-10,Allegheny,0
15239,2021-11,Allegheny,1
15239,2021-12,Allegheny,0
15241,2021-01,Allegheny,0
15241,2021-02,Allegheny,0
15241,2021-03,Allegheny,0
15241,2021-04,Allegheny,0
15241,2021-05,Allegheny,0
15241,2021-06,Allegheny,0
15241,2021-07,Allegheny,0
15241,2021-08,Allegheny,0
15241,2021-09,Allegheny,0
15241,2021-10,Allegheny,0
15241,2021-11,Allegheny,1
15241,2021-12,Allegheny,0
15301,2021-01,Washington,0
15301,2021-02,Washington,0
15301,2021-03,Washington,0
15301,2021-04,Washington,0
15301,2021-05,Washington,0
15301,2021-06,Washington,0
15301,2021-07,Washington,0
15301,2021-08,Washington,0
15301,2021-09,Washington,1
15301,2021-10,Washington,0
15301,2021-11,Washington,0
15301,2021-12,Washington,0
15501,2021-01,Somerset,0
15501,2021-02,Somerset,0
15501,2021-03,Somerset,0
15501,2021-04,Somerset,0
15501,2021-05,Somerset,0
15501,2021-06,Somerset,0
15501,2021-07,Somerset,0
15501,2021-08,Somerset,0
15501,2021-09,Somerset,0
15501,2021-10,Somerset,0
15501,2021-11,Somerset,1
15501,2021-12,Somerset,0
15601,2021-01,Westmoreland,0
15601,2021-02,Westmoreland,0
15601,2021-03,Westmoreland,0
15601,2021-04,Westmoreland,1
15601,2021-05,Westmoreland,0
15601,2021-06,Westmoreland,0
15601,2021-07,Westmoreland,1
15601,2021-08,Westmoreland,0
15601,2021-09,Westmoreland,3
15601,2021-10,Westmoreland,0
15601,2021-11,Westmoreland,0
15601,2021-12,Westmoreland,0
15627,2021-01,Westmoreland,0
15627,2021-02,Westmoreland,0
15627,2021-03,Westmoreland,0
15627,2021-04,Westmoreland,0
15627,2021-05,Westmoreland,0
15627,2021-06,Westmoreland,0
15627,2021-07,Westmoreland,0
15627,2021-08,Westmoreland,0
15627,2021-09,Westmoreland,1
15627,2021-10,Westmoreland,0
15627,2021-11,Westmoreland,0
15627,2021-12,Westmoreland,0
15642,2021-01,Westmoreland,0
15642,2021-02,Westmoreland,0
15642,2021-03,Westmoreland,0
15642,2021-04,Westmoreland,1
15642,2021-05,Westmoreland,0
15642,2021-06,Westmoreland,0
15642,2021-07,Westmoreland,0
15642,2021-08,Westmoreland,0
15642,2021-09,Westmoreland,0
15642,2021-10,Westmoreland,0
15642,2021-11,Westmoreland,0
15642,2021-12,Westmoreland,0
15650,2021-01,Westmoreland,0
15650,2021-02,Westmoreland,0
15650,2021-03,Westmoreland,0
15650,2021-04,Westmoreland,0
15650,2021-05,Westmoreland,0
15650,2021-06,Westmoreland,0
15650,2021-07,Westmoreland,0
15650,2021-08,Westmoreland,0
15650,2021-09,Westmoreland,1
15650,2021-10,Westmoreland,0
15650,2021-11,Westmoreland,0
15650,2021-12,Westmoreland,0
15668,2021-01,Westmoreland,0
15668,2021-02,Westmoreland,0
15668,2021-03,Westmoreland,0
15668,2021-04,Westmoreland,0
15668,2021-05,Westmoreland,0
15668,2021-06,Westmoreland,0
15668,2021-07,Westmoreland,0
15668,2021-08,Westmoreland,0
15668,2021-09,Westmoreland,1
15668,2021-10,Westmoreland,0
15668,2021-11,Westmoreland,0
15668,2021-12,Westmoreland,0
15681,2021-01,Indiana,0
15681,2021-02,Indiana,0
15681,2021-03,Indiana,0
15681,2021-04,Indiana,1
15681,2021-05,Indiana,0
15681,2021-06,Indiana,0
15681,2021-07,Indiana,0
15681,2021-08,Indiana,0
15681,2021-09,Indiana,0
15681,2021-10,Indiana,0
15681,2021-11,Indiana,0
15681,2021-12,Indiana,0
15690,2021-01,Westmoreland,0
15690,2021-02,Westmoreland,0
15690,2021-03,Westmoreland,1
15690,2021-04,Westmoreland,0
15690,2021-05,Westmoreland,0
15690,2021-06,Westmoreland,0
15690,2021-07,Westmoreland,0
15690,2021-08,Westmoreland,0
15690,2021-09,Westmoreland,1
15690,2021-10,Westmoreland,0
15690,2021-11,Westmoreland,0
15690,2021-12,Westmoreland,0
15767,2021-01,Jefferson,0
15767,2021-02,Jefferson,0
15767,2021-03,Jefferson,0
15767,2021-04,Jefferson,0
15767,2021-05,Jefferson,0
15767,2021-06,Jefferson,0
15767,2021-07,Jefferson,0
15767,2021-08,Jefferson,0
15767,2021-09,Jefferson,0
15767,2021-10,Jefferson,0
15767,2021-11,Jefferson,1
15767,2021-12,Jefferson,0
15801,2021-01,Clearfield,0
15801,2021-02,Clearfield,0
15801,2021-03,Clearfield,0
15801,2021-04,Clearfield,1
15801,2021-05,Clearfield,0
15801,2021-06,Clearfield,0
15801,2021-07,Clearfield,0
15801,2021-08,Clearfield,0
15801,2021-09,Clearfield,0
15801,2021-10,Clearfield,0
15801,2021-11,Clearfield,0
15801,2021-12,Clearfield,0
15825,2021-01,Jefferson,0
15825,2021-02,Jefferson,0
15825,2021-03,Jefferson,0
15825,2021-04,Jefferson,0
15825,2021-05,Jefferson,1
15825,2021-06,Jefferson,0
15825,2021-07,Jefferson,0
15825,2021-08,Jefferson,0
15825,2021-09,Jefferson,0
15825,2021-10,Jefferson,0
15825,2021-11,Jefferson,0
15825,2021-12,Jefferson,0
15857,2021-01,Elk,0
15857,2021-02,Elk,0
15857,2021-03,Elk,0
15857,2021-04,Elk,0
15857,2021-05,Elk,0
15857,2021-06,Elk,0
15857,2021-07,Elk,0
15857,2021-08,Elk,0
15857,2021-09,Elk,1
15857,2021-10,Elk,0
15857,2021-11,Elk,0
15857,2021-12,Elk,0
15901,2021-01,Cambria,0
15901,2021-02,Cambria,0
15901,2021-03,Cambria,0
15901,2021-04,Cambria,0
15901,2021-05,Cambria,0
15901,2021-06,Cambria,0
15901,2021-07,Cambria,0
15901,2021-08,Cambria,0
15901,2021-09,Cambria,1
15901,2021-10,Cambria,0
15901,2021-11,Cambria,1
15901,2021-12,Cambria,0
16001,2021-01,Butler,0
16001,2021-02,Butler,0
16001,2021-03,Butler,0
16001,2021-04,Butler,1
16001,2021-05,Butler,0
16001,2021-06,Butler,0
16001,2021-07,Butler,0
16001,2021-08,Butler,0
16001,2021-09,Butler,1
16001,2021-10,Butler,0
16001,2021-11,Butler,1
16001,2021-12,Butler,0
16066,2021-01,Butler,0
16066,2021-02,Butler,0
16066,2021-03,Butler,0
16066,2021-04,Butler,0
16066,2021-05,Butler,0
16066,2021-06,Butler,0
16066,2021-07,Butler,0
16066,2021-08,Butler,0
16066,2021-09,Butler,0
16066,2021-10,Butler,1
16066,2021-11,Butler,0
16066,2021-12,Butler,0
16101,2021-01,Lawrence,0
16101,2021-02,Lawrence,0
16101,2021-03,Lawrence,0
16101,2021-04,Lawrence,0
16101,2021-05,Lawrence,1
16101,2021-06,Lawrence,0
16101,2021-07,Lawrence,0
16101,2021-08,Lawrence,0
16101,2021-09,Lawrence,0
16101,2021-10,Lawrence,0
16101,2021-11,Lawrence,0
16101,2021-12,Lawrence,0
16121,2021-01,Mercer,0
16121,2021-02,Mercer,0
16121,2021-03,Mercer,0
16121,2021-04,Mercer,0
16121,2021-05,Mercer,1
16121,2021-06,Mercer,0
16121,2021-07,Mercer,0
16121,2021-08,Mercer,0
16121,2021-09,Mercer,0
16121,2021-10,Mercer,0
16121,2021-11,Mercer,0
16121,2021-12,Mercer,0
16134,2021-01,Mercer,0
16134,2021-02,Mercer,0
16134,2021-03,Mercer,0
16134,2021-04,Mercer,0
16134,2021-05,Mercer,0
16134,2021-06,Mercer,1
16134,2021-07,Mercer,0
16134,2021-08,Mercer,0
16134,2021-09,Mercer,0
16134,2021-10,Mercer,0
16134,2021-11,Mercer,0
16134,2021-12,Mercer,0
16142,2021-01,Lawrence,0
16142,2021-02,Lawrence,0
16142,2021-03,Lawrence,1
16142,2021-04,Lawrence,0
16142,2021-05,Lawrence,0
16142,2021-06,Lawrence,0
16142,2021-07,Lawrence,0
16142,2021-08,Lawrence,0
16142,2021-09,Lawrence,0
16142,2021-10,Lawrence,0
16142,2021-11,Lawrence,0
16142,2021-12,Lawrence,0
16159,2021-01,Mercer,0
16159,2021-02,Mercer,0
16159,2021-03,Mercer,0
16159,2021-04,Mercer,0
16159,2021-05,Mercer,0
16159,2021-06,Mercer,0
16159,2021-07,Mercer,0
16159,2021-08,Mercer,0
16159,2021-09,Mercer,1
16159,2021-10,Mercer,0
16159,2021-11,Mercer,0
16159,2021-12,Mercer,0
16214,2021-01,Clarion,0
16214,2021-02,Clarion,0
16214,2021-03,Clarion,0
16214,2021-04,Clarion,0
16214,2021-05,Clarion,1
16214,2021-06,Clarion,0
16214,2021-07,Clarion,0
16214,2021-08,Clarion,0
16214,2021-09,Clarion,0
16214,2021-10,Clarion,0
16214,2021-11,Clarion,0
16214,2021-12,Clarion,0
16242,2021-01,Clarion,1
16242,2021-02,Clarion,0
16242,2021-03,Clarion,0
16242,2021-04,Clarion,0
16242,2021-05,Clarion,0
16242,2021-06,Clarion,0
16242,2021-07,Clarion,0
16242,2021-08,Clarion,0
16242,2021-09,Clarion,0
16242,2021-10,Clarion,0
16242,2021-11,Clarion,0
16242,2021-12,Clarion,0
16248,2021-01,Clarion,0
16248,2021-02,Clarion,0
16248,2021-03,Clarion,0
16248,2021-04,Clarion,0
16248,2021-05,Clarion,0
16248,2021-06,Clarion,0
16248,2021-07,Clarion,0
16248,2021-08,Clarion,0
16248,2021-09,Clarion,2
16248,2021-10,Clarion,0
16248,2021-11,Clarion,0
16248,2021-12,Clarion,0
16301,2021-01,Venango,1
16301,2021-02,Venango,0
16301,2021-03,Venango,0
16301,2021-04,Venango,0
16301,2021-05,Venango,0
16301,2021-06,Venango,0
16301,2021-07,Venango,0
16301,2021-08,Venango,0
16301,2021-09,Venango,0
16301,2021-10,Venango,0
16301,2021-11,Venango,0
16301,2021-12,Venango,0
16365,2021-01,Warren,0
16365,2021-02,Warren,0
16365,2021-03,Warren,0
16365,2021-04,Warren,0
16365,2021-05,Warren,1
16365,2021-06,Warren,0
16365,2021-07,Warren,0
16365,2021-08,Warren,0
16365,2021-09,Warren,0
16365,2021-10,Warren,1
16365,2021-11,Warren,0
16365,2021-12,Warren,0
16428,2021-01,Erie,0
16428,2021-02,Erie,0
16428,2021-03,Erie,0
16428,2021-04,Erie,0
16428,2021-05,Erie,0
16428,2021-06,Erie,0
16428,2021-07,Erie,0
16428,2021-08,Erie,0
16428,2021-09,Erie,1
16428,2021-10,Erie,0
16428,2021-11,Erie,0
16428,2021-12,Erie,0
16441,2021-01,Erie,0
16441,2021-02,Erie,0
16441,2021-03,Erie,1
16441,2021-04,Erie,0
16441,2021-05,Erie,0
16441,2021-06,Erie,0
16441,2021-07,Erie,0
16441,2021-08,Erie,1
16441,2021-09,Erie,0
16441,2021-10,Erie,0
16441,2021-11,Erie,0
16441,2021-12,Erie,0
16501,2021-01,Erie,2
16501,2021-02,Erie,1
16501,2021-03,Erie,1
16501,2021-04,Erie,0
16501,2021-05,Erie,3
16501,2021-06,Erie,2
16501,2021-07,Erie,2
16501,2021-08,Erie,1
16501,2021-09,Erie,2
16501,2021-10,Erie,3
16501,2021-11,Erie,0
16501,2021-12,Erie,2
16601,2021-01,Blair,0
16601,2021-02,Blair,1
16601,2021-03,Blair,0
16601,2021-04,Blair,1
16601,2021-05,Blair,0
16601,2021-06,Blair,0
16601,2021-07,Blair,0
16601,2021-08,Blair,0
16601,2021-09,Blair,0
16601,2021-10,Blair,2
16601,2021-11,Blair,0
16601,2021-12,Blair,0
16648,2021-01,Blair,1
16648,2021-02,Blair,0
16648,2021-03,Blair,0
16648,2021-04,Blair,0
16648,2021-05,Blair,0
16648,2021-06,Blair,0
16648,2021-07,Blair,0
16648,2021-08,Blair,0
16648,2021-09,Blair,0
16648,2021-10,Blair,0
16648,2021-11,Blair,0
16648,2021-12,Blair,0
16801,2021-01,Centre,2
16801,2021-02,Centre,1
16801,2021-03,Centre,3
16801,2021-04,Centre,2
16801,2021-05,Centre,3
16801,2021-06,Centre,0
16801,2021-07,Centre,0
16801,2021-08,Centre,4
16801,2021-09,Centre,2
16801,2021-10,Centre,5
16801,2021-11,Centre,2
16801,2021-12,Centre,1
16823,2021-01,Centre,0
16823,2021-02,Centre,0
16823,2021-03,Centre,0
16823,2021-04,Centre,2
16823,2021-05,Centre,0
16823,2021-06,Centre,0
16823,2021-07,Centre,0
16823,2021-08,Centre,0
16823,2021-09,Centre,0
16823,2021-10,Centre,0
16823,2021-11,Centre,1
16823,2021-12,Centre,0
17003,2021-01,Lebanon,0
17003,2021-02,Lebanon,0
17003,2021-03,Lebanon,0
17003,2021-04,Lebanon,1
17003,2021-05,Lebanon,0
17003,2021-06,Lebanon,0
17003,2021-07,Lebanon,0
17003,2021-08,Lebanon,0
17003,2021-09,Lebanon,0
17003,2021-10,Lebanon,0
17003,2021-11,Lebanon,0
17003,2021-12,Lebanon,0
17013,2021-01,Cumberland,0
17013,2021-02,Cumberland,0
17013,2021-03,Cumberland,1
17013,2021-04,Cumberland,2
17013,2021-05,Cumberland,0
17013,2021-06,Cumberland,0
17013,2021-07,Cumberland,0
17013,2021-08,Cumberland,0
17013,2021-09,Cumberland,0
17013,2021-10,Cumberland,0
17013,2021-11,Cumberland,0
17013,2021-12,Cumberland,0
17022,2021-01,Lancaster,0
17022,2021-02,Lancaster,1
17022,2021-03,Lancaster,0
17022,2021-04,Lancaster,0
17022,2021-05,Lancaster,0
17022,2021-06,Lancaster,0
17022,2021-07,Lancaster,0
17022,2021-08,Lancaster,0
17022,2021-09,Lancaster,1
17022,2021-10,Lancaster,0
17022,2021-11,Lancaster,0
17022,2021-12,Lancaster,0
17055,2021-01,Cumberland,0
17055,2021-02,Cumberland,0
17055,2021-03,Cumberland,0
17055,2021-04,Cumberland,0
17055,2021-05,Cumberland,0
17055,2021-06,Cumberland,0
17055,2021-07,Cumberland,0
17055,2021-08,Cumberland,1
17055,2021-09,Cumberland,1
17055,2021-10,Cumberland,0
17055,2021-11,Cumberland,0
17055,2021-12,Cumberland,0
17057,2021-01,Dauphin,1
17057,2021-02,Dauphin,0
17057,2021-03,Dauphin,0
17057,2021-04,Dauphin,0
17057,2021-05,Dauphin,0
17057,2021-06,Dauphin,0
17057,2021-07,Dauphin,0
17057,2021-08,Dauphin,0
17057,2021-09,Dauphin,0
17057,2021-10,Dauphin,0
17057,2021-11,Dauphin,0
17057,2021-12,Dauphin,0
17102,2021-01,Dauphin,3
17102,2021-02,Dauphin,3
17102,2021-03,Dauphin,6
17102,2021-04,Dauphin,11
17102,2021-05,Dauphin,5
17102,2021-06,Dauphin,13
17102,2021-07,Dauphin,2
17102,2021-08,Dauphin,1
17102,2021-09,Dauphin,6
17102,2021-10,Dauphin,7
17102,2021-11,Dauphin,6
17102,2021-12,Dauphin,3
17201,2021-01,Franklin,0
17201,2021-02,Franklin,0
17201,2021-03,Franklin,0
17201,2021-04,Franklin,0
17201,2021-05,Franklin,0
17201,2021-06,Franklin,1
17201,2021-07,Franklin,0
17201,2021-08,Franklin,0
17201,2021-09,Franklin,0
17201,2021-10,Franklin,0
17201,2021-11,Franklin,0
17201,2021-12,Franklin,0
17307,2021-01,Adams,0
17307,2021-02,Adams,0
17307,2021-03,Adams,1
17307,2021-04,Adams,0
17307,2021-05,Adams,0
17307,2021-06,Adams,0
17307,2021-07,Adams,0
17307,2021-08,Adams,0
17307,2021-09,Adams,0
17307,2021-10,Adams,0
17307,2021-11,Adams,0
17307,2021-12,Adams,0
17320,2021-01,Adams,0
17320,2021-02,Adams,0
17320,2021-03,Adams,1
17320,2021-04,Adams,0
17320,2021-05,Adams,0
17320,2021-06,Adams,0
17320,2021-07,Adams,0
17320,2021-08,Adams,0
17320,2021-09,Adams,0
17320,2021-10,Adams,0
17320,2021-11,Adams,0
17320,2021-12,Adams,0
17325,2021-01,Adams,0
17325,2021-02,Adams,0
17325,2021-03,Adams,0
17325,2021-04,Adams,1
17325,2021-05,Adams,0
17325,2021-06,Adams,0
17325,2021-07,Adams,0
17325,2021-08,Adams,0
17325,2021-09,Adams,0
17325,2021-10,Adams,0
17325,2021-11,Adams,0
17325,2021-12,Adams,0
17327,2021-01,York,0
17327,2021-02,York,0
17327,2021-03,York,0
17327,2021-04,York,0
17327,2021-05,York,0
17327,2021-06,York,0
17327,2021-07,York,0
17327,2021-08,York,2
17327,2021-09,York,0
17327,2021-10,York,0
17327,2021-11,York,0
17327,2021-12,York,0
17347,2021-01,York,0
17347,2021-02,York,1
17347,2021-03,York,0
17347,2021-04,York,0
17347,2021-05,York,0
17347,2021-06,York,0
17347,2021-07,York,0
17347,2021-08,York,0
17347,2021-09,York,0
17347,2021-10,York,0
17347,2021-11,York,0
17347,2021-12,York,0
17401,2021-01,York,2
17401,2021-02,York,0
17401,2021-03,York,1
17401,2021-04,York,2
17401,2021-05,York,0
17401,2021-06,York,0
17401,2021-07,York,1
17401,2021-08,York,0
17401,2021-09,York,2
17401,2021-10,York,1
17401,2021-11,York,0
17401,2021-12,York,0
17402,2021-01,York,0
17402,2021-02,York,0
17402,2021-03,York,0
17402,2021-04,York,0
17402,2021-05,York,0
17402,2021-06,York,0
17402,2021-07,York,2
17402,2021-08,York,0
17402,2021-09,York,0
17402,2021-10,York,0
17402,2021-11,York,0
17402,2021-12,York,0
17538,2021-01,Lancaster,0
17538,2021-02,Lancaster,0
17538,2021-03,Lancaster,0
17538,2021-04,Lancaster,0
17538,2021-05,Lancaster,0
17538,2021-06,Lancaster,0
17538,2021-07,Lancaster,0
17538,2021-08,Lancaster,0
17538,2021-09,Lancaster,1
17538,2021-10,Lancaster,1
17538,2021-11,Lancaster,1
17538,2021-12,Lancaster,0
17566,2021-01,Lancaster,1
17566,2021-02,Lancaster,0
17566,2021-03,Lancaster,0
17566,2021-04,Lancaster,0
17566,2021-05,Lancaster,1
17566,2021-06,Lancaster,0
17566,2021-07,Lancaster,0
17566,2021-08,Lancaster,0
17566,2021-09,Lancaster,0
17566,2021-10,Lancaster,0
17566,2021-11,Lancaster,0
17566,2021-12,Lancaster,0
17579,2021-01,Lancaster,0
17579,2021-02,Lancaster,0
17579,2021-03,Lancaster,0
17579,2021-04,Lancaster,0
17579,2021-05,Lancaster,0
17579,2021-06,Lancaster,1
17579,2021-07,Lancaster,0
17579,2021-08,Lancaster,0
17579,2021-09,Lancaster,0
17579,2021-10,Lancaster,0
17579,2021-11,Lancaster,0
17579,2021-12,Lancaster,0
17602,2021-01,Lancaster,1
17602,2021-02,Lancaster,1
17602,2021-03,Lancaster,3
17602,2021-04,Lancaster,1
17602,2021-05,Lancaster,5
17602,2021-06,Lancaster,1
17602,2021-07,Lancaster,2
17602,2021-08,Lancaster,1
17602,2021-09,Lancaster,0
17602,2021-10,Lancaster,5
17602,2021-11,Lancaster,0
17602,2021-12,Lancaster,1
17701,2021-01,Lycoming,0
17701,2021-02,Lycoming,0
17701,2021-03,Lycoming,0
17701,2021-04,Lycoming,0
17701,2021-05,Lycoming,0
17701,2021-06,Lycoming,0
17701,2021-07,Lycoming,0
17701,2021-08,Lycoming,0
17701,2021-09,Lycoming,0
17701,2021-10,Lycoming,3
17701,2021-11,Lycoming,0
17701,2021-12,Lycoming,0
17724,2021-01,Bradford,0
17724,2021-02,Bradford,0
17724,2021-03,Bradford,1
17724,2021-04,Bradford,1
17724,2021-05,Bradford,0
17724,2021-06,Bradford,0
17724,2021-07,Bradford,0
17724,2021-08,Bradford,0
17724,2021-09,Bradford,0
17724,2021-10,Bradford,0
17724,2021-11,Bradford,0
17724,2021-12,Bradford,0
17745,2021-01,Clinton,0
17745,2021-02,Clinton,0
17745,2021-03,Clinton,1
17745,2021-04,Clinton,0
17745,2021-05,Clinton,0
17745,2021-06,Clinton,1
17745,2021-07,Clinton,0
17745,2021-08,Clinton,0
17745,2021-09,Clinton,0
17745,2021-10,Clinton,0
17745,2021-11,Clinton,0
17745,2021-12,Clinton,0
17752,2021-01,Lycoming,0
17752,2021-02,Lycoming,0
17752,2021-03,Lycoming,0
17752,2021-04,Lycoming,0
17752,2021-05,Lycoming,0
17752,2021-06,Lycoming,0
17752,2021-07,Lycoming,1
17752,2021-08,Lycoming,0
17752,2021-09,Lycoming,0
17752,2021-10,Lycoming,0
17752,2021-11,Lycoming,0
17752,2021-12,Lycoming,0
17801,2021-01,Northumberland,0
17801,2021-02,Northumberland,0
17801,2021-03,Northumberland,0
17801,2021-04,Northumberland,0
17801,2021-05,Northumberland,1
17801,2021-06,Northumberland,0
17801,2021-07,Northumberland,0
17801,2021-08,Northumberland,0
17801,2021-09,Northumberland,0
17801,2021-10,Northumberland,0
17801,2021-11,Northumberland,0
17801,2021-12,Northumberland,0
17821,2021-01,Montour,0
17821,2021-02,Montour,0
17821,2021-03,Montour,0
17821,2021-04,Montour,0
17821,2021-05,Montour,0
17821,2021-06,Montour,0
17821,2021-07,Montour,0
17821,2021-08,Montour,0
17821,2021-09,Montour,1
17821,2021-10,Montour,0
17821,2021-11,Montour,0
17821,2021-12,Montour,0
17847,2021-01,Northumberland,0
17847,2021-02,Northumberland,0
17847,2021-03,Northumberland,0
17847,2021-04,Northumberland,0
17847,2021-05,Northumberland,0
17847,2021-06,Northumberland,1
17847,2021-07,Northumberland,0
17847,2021-08,Northumberland,0
17847,2021-09,Northumberland,0
17847,2021-10,Northumberland,0
17847,2021-11,Northumberland,0
17847,2021-12,Northumberland,0
17870,2021-01,Snyder,0
17870,2021-02,Snyder,0
17870,2021-03,Snyder,0
17870,2021-04,Snyder,1
17870,2021-05,Snyder,0
17870,2021-06,Snyder,0
17870,2021-07,Snyder,0
17870,2021-08,Snyder,0
17870,2021-09,Snyder,0
17870,2021-10,Snyder,0
17870,2021-11,Snyder,0
17870,2021-12,Snyder,0
17901,2021-01,Schuylkill,0
17901,2021-02,Schuylkill,0
17901,2021-03,Schuylkill,1
17901,2021-04,Schuylkill,1
17901,2021-05,Schuylkill,2
17901,2021-06,Schuylkill,3
17901,2021-07,Schuylkill,0
17901,2021-08,Schuylkill,0
17901,2021-09,Schuylkill,0
17901,2021-10,Schuylkill,0
17901,2021-11,Schuylkill,0
17901,2021-12,Schuylkill,0
17938,2021-01,Schuylkill,0
17938,2021-02,Schuylkill,1
17938,2021-03,Schuylkill,0
17938,2021-04,Schuylkill,0
17938,2021-05,Schuylkill,0
17938,2021-06,Schuylkill,0
17938,2021-07,Schuylkill,0
17938,2021-08,Schuylkill,0
17938,2021-09,Schuylkill,0
17938,2021-10,Schuylkill,0
17938,2021-11,Schuylkill,0
17938,2021-12,Schuylkill,0
18018,2021-01,Northampton,0
18018,2021-02,Northampton,0
18018,2021-03,Northampton,0
18018,2021-04,Northampton,0
18018,2021-05,Northampton,2
18018,2021-06,Northampton,1
18018,2021-07,Northampton,0
18018,2021-08,Northampton,0
18018,2021-09,Northampton,2
18018,2021-10,Northampton,1
18018,2021-11,Northampton,0
18018,2021-12,Northampton,1
18042,2021-01,Northampton,0
18042,2021-02,Northampton,0
18042,2021-03,Northampton,1
18042,2021-04,Northampton,0
18042,2021-05,Northampton,0
18042,2021-06,Northampton,0
18042,2021-07,Northampton,0
18042,2021-08,Northampton,0
18042,2021-09,Northampton,0
18042,2021-10,Northampton,1
18042,2021-11,Northampton,0
18042,2021-12,Northampton,0
18062,2021-01,Lehigh,0
18062,2021-02,Lehigh,0
18062,2021-03,Lehigh,0
18062,2021-04,Lehigh,0
18062,2021-05,Lehigh,0
18062,2021-06,Lehigh,0
18062,2021-07,Lehigh,1
18062,2021-08,Lehigh,0
18062,2021-09,Lehigh,0
18062,2021-10,Lehigh,0
18062,2021-11,Lehigh,0
18062,2021-12,Lehigh,0
18064,2021-01,Northampton,0
18064,2021-02,Northampton,0
18064,2021-03,Northampton,0
18064,2021-04,Northampton,0
18064,2021-05,Northampton,0
18064,2021-06,Northampton,0
18064,2021-07,Northampton,0
18064,2021-08,Northampton,0
18064,2021-09,Northampton,1
18064,2021-10,Northampton,0
18064,2021-11,Northampton,0
18064,2021-12,Northampton,0
18102,2021-01,Lehigh,1
18102,2021-02,Lehigh,1
18102,2021-03,Lehigh,2
18102,2021-04,Lehigh,1
18102,2021-05,Lehigh,2
18102,2021-06,Lehigh,0
18102,2021-07,Lehigh,2
18102,2021-08,Lehigh,0
18102,2021-09,Lehigh,1
18102,2021-10,Lehigh,2
18102,2021-11,Lehigh,1
18102,2021-12,Lehigh,0
18104,2021-01,Lehigh,0
18104,2021-02,Lehigh,1
18104,2021-03,Lehigh,0
18104,2021-04,Lehigh,0
18104,2021-05,Lehigh,0
18104,2021-06,Lehigh,0
18104,2021-07,Lehigh,0
18104,2021-08,Lehigh,0
18104,2021-09,Lehigh,0
18104,2021-10,Lehigh,0
18104,2021-11,Lehigh,0
18104,2021-12,Lehigh,0
18109,2021-01,Lehigh,0
18109,2021-02,Lehigh,0
18109,2021-03,Lehigh,0
18109,2021-04,Lehigh,0
18109,2021-05,Lehigh,0
18109,2021-06,Lehigh,0
18109,2021-07,Lehigh,0
18109,2021-08,Lehigh,0
18109,2021-09,Lehigh,1
18109,2021-10,Lehigh,0
18109,2021-11,Lehigh,0
18109,2021-12,Lehigh,0
18360,2021-01,Monroe,1
18360,2021-02,Monroe,0
18360,2021-03,Monroe,1
18360,2021-04,Monroe,0
18360,2021-05,Monroe,0
18360,2021-06,Monroe,0
18360,2021-07,Monroe,0
18360,2021-08,Monroe,0
18360,2021-09,Monroe,1
18360,2021-10,Monroe,0
18360,2021-11,Monroe,1
18360,2021-12,Monroe,0
18445,2021-01,Wayne,0
18445,2021-02,Wayne,0
18445,2021-03,Wayne,2
18445,2021-04,Wayne,2
18445,2021-05,Wayne,0
18445,2021-06,Wayne,1
18445,2021-07,Wayne,0
18445,2021-08,Wayne,2
18445,2021-09,Wayne,0
18445,2021-10,Wayne,0
18445,2021-11,Wayne,0
18445,2021-12,Wayne,0
18503,2021-01,Lackawanna,0
18503,2021-02,Lackawanna,0
18503,2021-03,Lackawanna,1
18503,2021-04,Lackawanna,3
18503,2021-05,Lackawanna,3
18503,2021-06,Lackawanna,1
18503,2021-07,Lackawanna,0
18503,2021-08,Lackawanna,0
18503,2021-09,Lackawanna,0
18503,2021-10,Lackawanna,3
18503,2021-11,Lackawanna,2
18503,2021-12,Lackawanna,0
18643,2021-01,Luzerne,0
18643,2021-02,Luzerne,0
18643,2021-03,Luzerne,1
18643,2021-04,Luzerne,0
18643,2021-05,Luzerne,0
18643,2021-06,Luzerne,0
18643,2021-07,Luzerne,0
18643,2021-08,Luzerne,0
18643,2021-09,Luzerne,0
18643,2021-10,Luzerne,0
18643,2021-11,Luzerne,0
18643,2021-12,Luzerne,0
18657,2021-01,Wyoming,0
18657,2021-02,Wyoming,0
18657,2021-03,Wyoming,1
18657,2021-04,Wyoming,3
18657,2021-05,Wyoming,0
18657,2021-06,Wyoming,0
18657,2021-07,Wyoming,0
18657,2021-08,Wyoming,0
18657,2021-09,Wyoming,0
18657,2021-10,Wyoming,0
18657,2021-11,Wyoming,0
18657,2021-12,Wyoming,0
18701,2021-01,Luzerne,0
18701,2021-02,Luzerne,0
18701,2021-03,Luzerne,0
18701,2021-04,Luzerne,1
18701,2021-05,Luzerne,0
18701,2021-06,Luzerne,0
18701,2021-07,Luzerne,0
18701,2021-08,Luzerne,1
18701,2021-09,Luzerne,0
18701,2021-10,Luzerne,0
18701,2021-11,Luzerne,0
18701,2021-12,Luzerne,0
18848,2021-01,Bradford,1
18848,2021-02,Bradford,0
18848,2021-03,Bradford,0
18848,2021-04,Bradford,0
18848,2021-05,Bradford,0
18848,2021-06,Bradford,0
18848,2021-07,Bradford,0
18848,2021-08,Bradford,0
18848,2021-09,Bradford,0
18848,2021-10,Bradford,0
18848,2021-11,Bradford,0
18848,2021-12,Bradford,0
18901,2021-01,Bucks,0
18901,2021-02,Bucks,0
18901,2021-03,Bucks,1
18901,2021-04,Bucks,0
18901,2021-05,Bucks,1
18901,2021-06,Bucks,1
18901,2021-07,Bucks,1
18901,2021-08,Bucks,1
18901,2021-09,Bucks,0
18901,2021-10,Bucks,0
18901,2021-11,Bucks,0
18901,2021-12,Bucks,1
18936,2021-01,Montgomery,0
18936,2021-02,Montgomery,1
18936,2021-03,Montgomery,0
18936,2021-04,Montgomery,0
18936,2021-05,Montgomery,0
18936,2021-06,Montgomery,0
18936,2021-07,Montgomery,0
18936,2021-08,Montgomery,0
18936,2021-09,Montgomery,0
18936,2021-10,Montgomery,0
18936,2021-11,Montgomery,0
18936,2021-12,Montgomery,0
18951,2021-01,Bucks,0
18951,2021-02,Bucks,0
18951,2021-03,Bucks,0
18951,2021-04,Bucks,0
18951,2021-05,Bucks,0
18951,2021-06,Bucks,1
18951,2021-07,Bucks,0
18951,2021-08,Bucks,0
18951,2021-09,Bucks,0
18951,2021-10,Bucks,0
18951,2021-11,Bucks,0
18951,2021-12,Bucks,0
19008,2021-01,Delaware,0
19008,2021-02,Delaware,0
19008,2021-03,Delaware,0
19008,2021-04,Delaware,1
19008,2021-05,Delaware,0
19008,2021-06,Delaware,0
19008,2021-07,Delaware,0
19008,2021-08,Delaware,0
19008,2021-09,Delaware,0
19008,2021-10,Delaware,0
19008,2021-11,Delaware,0
19008,2021-12,Delaware,0
19010,2021-01,Montgomery,0
19010,2021-02,Montgomery,0
19010,2021-03,Montgomery,0
19010,2021-04,Montgomery,1
19010,2021-05,Montgomery,0
19010,2021-06,Montgomery,0
19010,2021-07,Montgomery,0
19010,2021-08,Montgomery,0
19010,2021-09,Montgomery,0
19010,2021-10,Montgomery,0
19010,2021-11,Montgomery,0
19010,2021-12,Montgomery,0
19012,2021-01,Montgomery,0
19012,2021-02,Montgomery,0
19012,2021-03,Montgomery,0
19012,2021-04,Montgomery,0
19012,2021-05,Montgomery,0
19012,2021-06,Montgomery,1
19012,2021-07,Montgomery,0
19012,2021-08,Montgomery,0
19012,2021-09,Montgomery,0
19012,2021-10,Montgomery,0
19012,2021-11,Montgomery,0
19012,2021-12,Montgomery,0
19013,2021-01,Delaware,1
19013,2021-02,Delaware,0
19013,2021-03,Delaware,0
19013,2021-04,Delaware,1
19013,2021-05,Delaware,0
19013,2021-06,Delaware,1
19013,2021-07,Delaware,0
19013,2021-08,Delaware,0
19013,2021-09,Delaware,0
19013,2021-10,Delaware,1
19013,2021-11,Delaware,0
19013,2021-12,Delaware,0
19018,2021-01,Delaware,0
19018,2021-02,Delaware,0
19018,2021-03,Delaware,0
19018,2021-04,Delaware,1
19018,2021-05,Delaware,0
19018,2021-06,Delaware,0
19018,2021-07,Delaware,0
19018,2021-08,Delaware,0
19018,2021-09,Delaware,0
19018,2021-10,Delaware,1
19018,2021-11,Delaware,0
19018,2021-12,Delaware,0
19020,2021-01,Bucks,0
19020,2021-02,Bucks,0
19020,2021-03,Bucks,0
19020,2021-04,Bucks,0
19020,2021-05,Bucks,0
19020,2021-06,Bucks,0
19020,2021-07,Bucks,1
19020,2021-08,Bucks,0
19020,2021-09,Bucks,0
19020,2021-10,Bucks,0
19020,2021-11,Bucks,0
19020,2021-12,Bucks,0
19040,2021-01,Montgomery,0
19040,2021-02,Montgomery,0
19040,2021-03,Montgomery,0
19040,2021-04,Montgomery,0
19040,2021-05,Montgomery,0
19040,2021-06,Montgomery,0
19040,2021-07,Montgomery,0
19040,2021-08,Montgomery,0
19040,2021-09,Montgomery,0
19040,2021-10,Montgomery,1
19040,2021-11,Montgomery,0
19040,2021-12,Montgomery,0
19047,2021-01,Bucks,0
19047,2021-02,Bucks,0
19047,2021-03,Bucks,0
19047,2021-04,Bucks,0
19047,2021-05,Bucks,0
19047,2021-06,Bucks,0
19047,2021-07,Bucks,0
19047,2021-08,Bucks,1
19047,2021-09,Bucks,0
19047,2021-10,Bucks,0
19047,2021-11,Bucks,0
19047,2021-12,Bucks,0
19063,2021-01,Delaware,0
19063,2021-02,Delaware,1
19063,2021-03,Delaware,0
19063,2021-04,Delaware,0
19063,2021-05,Delaware,0
19063,2021-06,Delaware,0
19063,2021-07,Delaware,0
19063,2021-08,Delaware,0
19063,2021-09,Delaware,0
19063,2021-10,Delaware,1
19063,2021-11,Delaware,0
19063,2021-12,Delaware,0
19072,2021-01,Montgomery,0
19072,2021-02,Montgomery,0
19072,2021-03,Montgomery,0
19072,2021-04,Montgomery,1
19072,2021-05,Montgomery,0
19072,2021-06,Montgomery,0
19072,2021-07,Montgomery,0
19072,2021-08,Montgomery,0
19072,2021-09,Montgomery,0
19072,2021-10,Montgomery,0
19072,2021-11,Montgomery,0
19072,2021-12,Montgomery,0
19079,2021-01,Delaware,0
19079,2021-02,Delaware,0
19079,2021-03,Delaware,0
19079,2021-04,Delaware,0
19079,2021-05,Delaware,0
19079,2021-06,Delaware,0
19079,2021-07,Delaware,0
19079,2021-08,Delaware,1
19079,2021-09,Delaware,0
19079,2021-10,Delaware,1
19079,2021-11,Delaware,0
19079,2021-12,Delaware,0
19087,2021-01,Delaware,0
19087,2021-02,Delaware,0
19087,2021-03,Delaware,0
19087,2021-04,Delaware,1
19087,2021-05,Delaware,1
19087,2021-06,Delaware,0
19087,2021-07,Delaware,0
19087,2021-08,Delaware,0
19087,2021-09,Delaware,0
19087,2021-10,Delaware,0
19087,2021-11,Delaware,0
19087,2021-12,Delaware,0
19096,2021-01,Montgomery,0
19096,2021-02,Montgomery,0
19096,2021-03,Montgomery,0
19096,2021-04,Montgomery,0
19096,2021-05,Montgomery,1
19096,2021-06,Montgomery,0
19096,2021-07,Montgomery,0
19096,2021-08,Montgomery,0
19096,2021-09,Montgomery,0
19096,2021-10,Montgomery,0
19096,2021-11,Montgomery,0
19096,2021-12,Montgomery,0
19107,2021-01,Philadelphia,9
19107,2021-02,Philadelphia,14
19107,2021-03,Philadelphia,18
19107,2021-04,Philadelphia,20
19107,2021-05,Philadelphia,16
19107,2021-06,Philadelphia,17
19107,2021-07,Philadelphia,14
19107,2021-08,Philadelphia,14
19107,2021-09,Philadelphia,8
19107,2021-10,Philadelphia,10
19107,2021-11,Philadelphia,10
19107,2021-12,Philadelphia,9
19335,2021-01,Chester,0
19335,2021-02,Chester,0
19335,2021-03,Chester,1
19335,2021-04,Chester,0
19335,2021-05,Chester,0
19335,2021-06,Chester,0
19335,2021-07,Chester,0
19335,2021-08,Chester,0
19335,2021-09,Chester,0
19335,2021-10,Chester,0
19335,2021-11,Chester,0
19335,2021-12,Chester,1
19341,2021-01,Chester,0
19341,2021-02,Chester,0
19341,2021-03,Chester,0
19341,2021-04,Chester,1
19341,2021-05,Chester,0
19341,2021-06,Chester,0
19341,2021-07,Chester,0
19341,2021-08,Chester,0
19341,2021-09,Chester,0
19341,2021-10,Chester,0
19341,2021-11,Chester,0
19341,2021-12,Chester,0
19355,2021-01,Chester,0
19355,2021-02,Chester,0
19355,2021-03,Chester,1
19355,2021-04,Chester,0
19355,2021-05,Chester,0
19355,2021-06,Chester,0
19355,2021-07,Chester,0
19355,2021-08,Chester,0
19355,2021-09,Chester,0
19355,2021-10,Chester,0
19355,2021-11,Chester,0
19355,2021-12,Chester,0
19380,2021-01,Chester,0
19380,2021-02,Chester,0
19380,2021-03,Chester,1
19380,2021-04,Chester,0
19380,2021-05,Chester,0
19380,2021-06,Chester,1
19380,2021-07,Chester,0
19380,2021-08,Chester,1
19380,2021-09,Chester,0
19380,2021-10,Chester,0
19380,2021-11,Chester,0
19380,2021-12,Chester,0
19382,2021-01,Chester,0
19382,2021-02,Chester,0
19382,2021-03,Chester,0
19382,2021-04,Chester,0
19382,2021-05,Chester,1
19382,2021-06,Chester,0
19382,2021-07,Chester,0
19382,2021-08,Chester,0
19382,2021-09,Chester,0
19382,2021-10,Chester,0
19382,2021-11,Chester,0
19382,2021-12,Chester,0
19401,2021-01,Montgomery,2
19401,2021-02,Montgomery,0
19401,2021-03,Montgomery,0
19401,2021-04,Montgomery,2
19401,2021-05,Montgomery,0
19401,2021-06,Montgomery,0
19401,2021-07,Montgomery,0
19401,2021-08,Montgomery,0
19401,2021-09,Montgomery,0
19401,2021-10,Montgomery,0
19401,2021-11,Montgomery,0
19401,2021-12,Montgomery,0
19406,2021-01,Montgomery,0
19406,2021-02,Montgomery,0
19406,2021-03,Montgomery,0
19406,2021-04,Montgomery,0
19406,2021-05,Montgomery,1
19406,2021-06,Montgomery,0
19406,2021-07,Montgomery,0
19406,2021-08,Montgomery,0
19406,2021-09,Montgomery,0
19406,2021-10,Montgomery,0
19406,2021-11,Montgomery,0
19406,2021-12,Montgomery,0
19428,2021-01,Montgomery,0
19428,2021-02,Montgomery,0
19428,2021-03,Montgomery,1
19428,2021-04,Montgomery,0
19428,2021-05,Montgomery,0
19428,2021-06,Montgomery,0
19428,2021-07,Montgomery,0
19428,2021-08,Montgomery,0
19428,2021-09,Montgomery,0
19428,2021-10,Montgomery,0
19428,2021-11,Montgomery,0
19428,2021-12,Montgomery,0
19446,2021-01,Montgomery,0
19446,2021-02,Montgomery,0
19446,2021-03,Montgomery,0
19446,2021-04,Montgomery,0
19446,2021-05,Montgomery,1
19446,2021-06,Montgomery,0
19446,2021-07,Montgomery,0
19446,2021-08,Montgomery,0
19446,2021-09,Montgomery,0
19446,2021-10,Montgomery,0
19446,2021-11,Montgomery,0
19446,2021-12,Montgomery,0
19460,2021-01,Chester,0
19460,2021-02,Chester,0
19460,2021-03,Chester,0
19460,2021-04,Chester,0
19460,2021-05,Chester,1
19460,2021-06,Chester,0
19460,2021-07,Chester,0
19460,2021-08,Chester,0
19460,2021-09,Chester,0
19460,2021-10,Chester,0
19460,2021-11,Chester,0
19460,2021-12,Chester,0
19525,2021-01,Montgomery,0
19525,2021-02,Montgomery,0
19525,2021-03,Montgomery,0
19525,2021-04,Montgomery,0
19525,2021-05,Montgomery,0
19525,2021-06,Montgomery,0
19525,2021-07,Montgomery,0
19525,2021-08,Montgomery,1
19525,2021-09,Montgomery,0
19525,2021-10,Montgomery,0
19525,2021-11,Montgomery,0
19525,2021-12,Montgomery,0
19533,2021-01,Berks,0
19533,2021-02,Berks,0
19533,2021-03,Berks,1
19533,2021-04,Berks,0
19533,2021-05,Berks,0
19533,2021-06,Berks,0
19533,2021-07,Berks,0
19533,2021-08,Berks,0
19533,2021-09,Berks,0
19533,2021-10,Berks,0
19533,2021-11,Berks,0
19533,2021-12,Berks,0
19601,2021-01,Berks,0
19601,2021-02,Berks,0
19601,2021-03,Berks,1
19601,2021-04,Berks,0
19601,2021-05,Berks,0
19601,2021-06,Berks,0
19601,2021-07,Berks,0
19601,2021-08,Berks,0
19601,2021-09,Berks,1
19601,2021-10,Berks,1
19601,2021-11,Berks,0
19601,2021-12,Berks,0
