event_id_cnty,ZCTA5CE10,set_peaceful_prot,set_other,set_prot_int,set_mob,set_violent_prot,set_loot_destr
USA50610,15219,1,0,0,0,0,0
USA50946,15219,1,0,0,0,0,0
USA51011,15219,1,0,0,0,0,0
USA51023,15219,1,0,0,0,0,0
USA50945,15219,1,0,0,0,0,0
USA51119,15219,1,0,0,0,0,0
USA51069,15219,1,0,0,0,0,0
USA51071,15219,1,0,0,0,0,0
USA51072,15219,1,0,0,0,0,0
USA51070,15219,1,0,0,0,0,0
USA50386,15219,1,0,0,0,0,0
USA50388,15219,1,0,0,0,0,0
USA50385,15219,1,0,0,0,0,0
USA50389,15219,1,0,0,0,0,0
USA50387,15219,1,0,0,0,0,0
USA50221,15219,1,0,0,0,0,0
USA50222,15219,1,0,0,0,0,0
USA50223,15219,1,0,0,0,0,0
USA50220,15219,1,0,0,0,0,0
USA50036,15219,1,0,0,0,0,0
USA50037,15219,1,0,0,0,0,0
USA50035,15219,1,0,0,0,0,0
USA50033,15219,1,0,0,0,0,0
USA50224,15219,1,0,0,0,0,0
USA50034,15219,1,0,0,0,0,0
USA49861,15219,1,0,0,0,0,0
USA49867,15219,1,0,0,0,0,0
USA49846,15219,1,0,0,0,0,0
USA49832,15219,1,0,0,0,0,0
USA49614,15219,1,0,0,0,0,0
USA49613,15219,1,0,0,0,0,0
USA49610,15219,1,0,0,0,0,0
USA49611,15219,1,0,0,0,0,0
USA49612,15219,1,0,0,0,0,0
USA49429,15219,1,0,0,0,0,0
USA49430,15219,1,0,0,0,0,0
USA49428,15219,1,0,0,0,0,0
USA49206,15219,1,0,0,0,0,0
USA49431,15219,1,0,0,0,0,0
USA49432,15219,1,0,0,0,0,0
USA49433,15219,1,0,0,0,0,0
USA49203,15219,1,0,0,0,0,0
USA49205,15219,1,0,0,0,0,0
USA49204,15219,1,0,0,0,0,0
USA49006,15219,1,0,0,0,0,0
USA49434,15219,1,0,0,0,0,0
USA49004,15219,1,0,0,0,0,0
USA49001,15219,1,0,0,0,0,0
USA49003,15219,1,0,0,0,0,0
USA49002,15219,1,0,0,0,0,0
USA49005,15219,1,0,0,0,0,0
USA48830,15219,1,0,0,0,0,0
USA48756,15219,1,0,0,0,0,0
USA48650,15219,1,0,0,0,0,0
USA48505,15219,1,0,0,0,0,0
USA48570,15219,1,0,0,0,0,0
USA48465,15219,1,0,0,0,0,0
USA48046,15219,1,0,0,0,0,0
USA47989,15219,1,0,0,0,0,0
USA47935,15219,1,0,0,0,0,0
USA47630,15219,1,0,0,0,0,0
USA47593,15219,1,0,0,0,0,0
USA47318,15219,1,0,0,0,0,0
USA47078,15219,1,0,0,0,0,0
USA47079,15219,1,0,0,0,0,0
USA47080,15219,1,0,0,0,0,0
USA46521,15219,1,0,0,0,0,0
USA46535,15219,1,0,0,0,0,0
USA46651,15219,1,0,0,0,0,0
USA46435,15219,1,0,0,0,0,0
USA46296,15219,1,0,0,0,0,0
USA46850,15219,1,0,0,0,0,0
USA46849,15219,1,0,0,0,0,0
USA46111,15219,1,0,0,0,0,0
USA45892,15219,1,0,0,0,0,0
USA45889,15219,1,0,0,0,0,0
USA45837,15219,1,0,0,0,0,0
USA45307,15219,1,0,0,0,0,0
USA45836,15219,1,0,0,0,0,0
USA44973,15219,1,0,0,0,0,0
USA45835,15219,1,0,0,0,0,0
USA44469,15219,1,0,0,0,0,0
USA44208,15219,1,0,0,0,0,0
USA44185,15219,1,0,0,0,0,0
USA43901,15219,1,0,0,0,0,0
USA43826,15219,1,0,0,0,0,0
USA43221,15219,1,0,0,0,0,0
USA43384,15219,1,0,0,0,0,0
USA42868,15219,1,0,0,0,0,0
USA42934,15219,1,0,0,0,0,0
USA42893,15219,1,0,0,0,0,0
USA42620,15219,1,0,0,0,0,0
USA42570,15219,1,0,0,0,0,0
USA42490,15219,1,0,0,0,0,0
USA42649,15219,0,1,0,0,0,0
USA41745,15219,1,0,0,0,0,0
USA41741,15219,1,0,0,0,0,0
USA41748,15219,1,0,0,0,0,0
USA41809,15219,1,0,0,0,0,0
USA41746,15219,0,0,1,0,0,0
USA41546,15219,1,0,0,0,0,0
USA41392,15219,1,0,0,0,0,0
USA41381,15219,1,0,0,0,0,0
USA41126,15219,1,0,0,0,0,0
USA40898,15219,1,0,0,0,0,0
USA40851,15219,1,0,0,0,0,0
USA40925,15219,1,0,0,0,0,0
USA40897,15219,1,0,0,0,0,0
USA40564,15219,1,0,0,0,0,0
USA40779,15219,1,0,0,0,0,0
USA40258,15219,1,0,0,0,0,0
USA40465,15219,1,0,0,0,0,0
USA40478,15219,1,0,0,0,0,0
USA39734,15219,1,0,0,0,0,0
USA39415,15219,1,0,0,0,0,0
USA39416,15219,1,0,0,0,0,0
USA39417,15219,1,0,0,0,0,0
USA39418,15219,1,0,0,0,0,0
USA39419,15219,1,0,0,0,0,0
USA39420,15219,1,0,0,0,0,0
USA39244,15219,1,0,0,0,0,0
USA38920,15219,1,0,0,0,0,0
USA38738,15219,1,0,0,0,0,0
USA38762,15219,1,0,0,0,0,0
USA38459,15219,1,0,0,0,0,0
USA38135,15219,1,0,0,0,0,0
USA37936,15219,1,0,0,0,0,0
USA37937,15219,1,0,0,0,0,0
USA50576,15026,1,0,0,0,0,0
USA48495,15026,1,0,0,0,0,0
USA50583,19107,1,0,0,0,0,0
USA50809,19107,1,0,0,0,0,0
USA50503,19107,1,0,0,0,0,0
USA51057,19107,1,0,0,0,0,0
USA51020,19107,1,0,0,0,0,0
USA51017,19107,1,0,0,0,0,0
USA51141,19107,1,0,0,0,0,0
USA51121,19107,1,0,0,0,0,0
USA51142,19107,1,0,0,0,0,0
USA50505,19107,1,0,0,0,0,0
USA52826,19107,1,0,0,0,0,0
USA52825,19107,1,0,0,0,0,0
USA50032,19107,1,0,0,0,0,0
USA52824,19107,1,0,0,0,0,0
USA50031,19107,1,0,0,0,0,0
USA49854,19107,1,0,0,0,0,0
USA49873,19107,1,0,0,0,0,0
USA52830,19107,1,0,0,0,0,0
USA49848,19107,1,0,0,0,0,0
USA49835,19107,1,0,0,0,0,0
USA49831,19107,1,0,0,0,0,0
USA52823,19107,1,0,0,0,0,0
USA49427,19107,1,0,0,0,0,0
USA49201,19107,1,0,0,0,0,0
USA49200,19107,1,0,0,0,0,0
USA49198,19107,1,0,0,0,0,0
USA49199,19107,0,0,1,0,0,0
USA48998,19107,1,0,0,0,0,0
USA52822,19107,1,0,0,0,0,0
USA48860,19107,1,0,0,0,0,0
USA48829,19107,1,0,0,0,0,0
USA48999,19107,1,0,0,0,0,0
USA48783,19107,1,0,0,0,0,0
USA48754,19107,1,0,0,0,0,0
USA48755,19107,1,0,0,0,0,0
USA52821,19107,1,0,0,0,0,0
USA49000,19107,1,0,0,0,0,0
USA48720,19107,1,0,0,0,0,0
USA48687,19107,1,0,0,0,0,0
USA48646,19107,1,0,0,0,0,0
USA48648,19107,1,0,0,0,0,0
USA48647,19107,1,0,0,0,0,0
USA48504,19107,1,0,0,0,0,0
USA48499,19107,1,0,0,0,0,0
USA48492,19107,1,0,0,0,0,0
USA48487,19107,1,0,0,0,0,0
USA48482,19107,1,0,0,0,0,0
USA48471,19107,1,0,0,0,0,0
USA48464,19107,1,0,0,0,0,0
USA48068,19107,1,0,0,0,0,0
USA48460,19107,1,0,0,0,0,0
USA48067,19107,1,0,0,0,0,0
USA48458,19107,1,0,0,0,0,0
USA48552,19107,1,0,0,0,0,0
USA48058,19107,1,0,0,0,0,0
USA52836,19107,1,0,0,0,0,0
USA48043,19107,1,0,0,0,0,0
USA48045,19107,1,0,0,0,0,0
USA48044,19107,1,0,0,0,0,0
USA48041,19107,1,0,0,0,0,0
USA47988,19107,1,0,0,0,0,0
USA47934,19107,1,0,0,0,0,0
USA56858,19107,1,0,0,0,0,0
USA47844,19107,1,0,0,0,0,0
USA47774,19107,1,0,0,0,0,0
USA47754,19107,1,0,0,0,0,0
USA47789,19107,1,0,0,0,0,0
USA47755,19107,1,0,0,0,0,0
USA47729,19107,1,0,0,0,0,0
USA47730,19107,1,0,0,0,0,0
USA52820,19107,1,0,0,0,0,0
USA47629,19107,1,0,0,0,0,0
USA47548,19107,1,0,0,0,0,0
USA52834,19107,1,0,0,0,0,0
USA47400,19107,1,0,0,0,0,0
USA52829,19107,1,0,0,0,0,0
USA47286,19107,1,0,0,0,0,0
USA52833,19107,1,0,0,0,0,0
USA47091,19107,1,0,0,0,0,0
USA47057,19107,1,0,0,0,0,0
USA47056,19107,1,0,0,0,0,0
USA52819,19107,1,0,0,0,0,0
USA46969,19107,1,0,0,0,0,0
USA52842,19107,1,0,0,0,0,0
USA46848,19107,1,0,0,0,0,0
USA46847,19107,1,0,0,0,0,0
USA46534,19107,1,0,0,0,0,0
USA52828,19107,1,0,0,0,0,0
USA46487,19107,1,0,0,0,0,0
USA52818,19107,1,0,0,0,0,0
USA46309,19107,1,0,0,0,0,0
USA46310,19107,1,0,0,0,0,0
USA46297,19107,1,0,0,0,0,0
USA46335,19107,1,0,0,0,0,0
USA46263,19107,1,0,0,0,0,0
USA52837,19107,1,0,0,0,0,0
USA46094,19107,1,0,0,0,0,0
USA46095,19107,1,0,0,0,0,0
USA46332,19107,1,0,0,0,0,0
USA52817,19107,1,0,0,0,0,0
USA46008,19107,1,0,0,0,0,0
USA45967,19107,1,0,0,0,0,0
USA52816,19107,1,0,0,0,0,0
USA45862,19107,1,0,0,0,0,0
USA45707,19107,1,0,0,0,0,0
USA45131,19107,1,0,0,0,0,0
USA52841,19107,1,0,0,0,0,0
USA45295,19107,1,0,0,0,0,0
USA44987,19107,1,0,0,0,0,0
USA45700,19107,0,0,0,1,0,0
USA44988,19107,1,0,0,0,0,0
USA45060,19107,1,0,0,0,0,0
USA44740,19107,1,0,0,0,0,0
USA44717,19107,1,0,0,0,0,0
USA52838,19107,1,0,0,0,0,0
USA44697,19107,1,0,0,0,0,0
USA44698,19107,1,0,0,0,0,0
USA44685,19107,1,0,0,0,0,0
USA44607,19107,1,0,0,0,0,0
USA44594,19107,1,0,0,0,0,0
USA44571,19107,1,0,0,0,0,0
USA44572,19107,1,0,0,0,0,0
USA52815,19107,1,0,0,0,0,0
USA44347,19107,0,0,0,1,0,0
USA44487,19107,1,0,0,0,0,0
USA44419,19107,1,0,0,0,0,0
USA44184,19107,1,0,0,0,0,0
USA44183,19107,1,0,0,0,0,0
USA44120,19107,1,0,0,0,0,0
USA44078,19107,1,0,0,0,0,0
USA43943,19107,1,0,0,0,0,0
USA43942,19107,1,0,0,0,0,0
USA43968,19107,1,0,0,0,0,0
USA43967,19107,1,0,0,0,0,0
USA58326,19107,1,0,0,0,0,0
USA43864,19107,1,0,0,0,0,0
USA43865,19107,1,0,0,0,0,0
USA43825,19107,1,0,0,0,0,0
USA52814,19107,1,0,0,0,0,0
USA43706,19107,1,0,0,0,0,0
USA43680,19107,1,0,0,0,0,0
USA43638,19107,1,0,0,0,0,0
USA43608,19107,1,0,0,0,0,0
USA52813,19107,1,0,0,0,0,0
USA43247,19107,1,0,0,0,0,0
USA52812,19107,1,0,0,0,0,0
USA43338,19107,1,0,0,0,0,0
USA43388,19107,1,0,0,0,0,0
USA42996,19107,1,0,0,0,0,0
USA42977,19107,1,0,0,0,0,0
USA42973,19107,1,0,0,0,0,0
USA42980,19107,1,0,0,0,0,0
USA52811,19107,1,0,0,0,0,0
USA42886,19107,1,0,0,0,0,0
USA42982,19107,1,0,0,0,0,0
USA42009,19107,1,0,0,0,0,0
USA41956,19107,1,0,0,0,0,0
USA42389,19107,1,0,0,0,0,0
USA42003,19107,1,0,0,0,0,0
USA42000,19107,1,0,0,0,0,0
USA52831,19107,1,0,0,0,0,0
USA42976,19107,1,0,0,0,0,0
USA41760,19107,1,0,0,0,0,0
USA41787,19107,1,0,0,0,0,0
USA41796,19107,1,0,0,0,0,0
USA41786,19107,1,0,0,0,0,0
USA41785,19107,1,0,0,0,0,0
USA52840,19107,1,0,0,0,0,0
USA41783,19107,1,0,0,0,0,0
USA41576,19107,1,0,0,0,0,0
USA41596,19107,1,0,0,0,0,0
USA41625,19107,1,0,0,0,0,0
USA52810,19107,1,0,0,0,0,0
USA41793,19107,1,0,0,0,0,0
USA41448,19107,1,0,0,0,0,0
USA52809,19107,1,0,0,0,0,0
USA41369,19107,1,0,0,0,0,0
USA41096,19107,1,0,0,0,0,0
USA52808,19107,1,0,0,0,0,0
USA41359,19107,1,0,0,0,0,0
USA41192,19107,1,0,0,0,0,0
USA40849,19107,1,0,0,0,0,0
USA40872,19107,1,0,0,0,0,0
USA52678,19107,1,0,0,0,0,0
USA40953,19107,1,0,0,0,0,0
USA40827,19107,1,0,0,0,0,0
USA40824,19107,1,0,0,0,0,0
USA52832,19107,1,0,0,0,0,0
USA40166,19107,1,0,0,0,0,0
USA40167,19107,1,0,0,0,0,0
USA40182,19107,1,0,0,0,0,0
USA40235,19107,1,0,0,0,0,0
USA52807,19107,1,0,0,0,0,0
USA40355,19107,1,0,0,0,0,0
USA40155,19107,1,0,0,0,0,0
USA40387,19107,1,0,0,0,0,0
USA39750,19107,1,0,0,0,0,0
USA39740,19107,1,0,0,0,0,0
USA42624,19107,0,1,0,0,0,0
USA52806,19107,1,0,0,0,0,0
USA39739,19107,1,0,0,0,0,0
USA39733,19107,1,0,0,0,0,0
USA39751,19107,1,0,0,0,0,0
USA39421,19107,1,0,0,0,0,0
USA39422,19107,1,0,0,0,0,0
USA39423,19107,1,0,0,0,0,0
USA39424,19107,1,0,0,0,0,0
USA56866,19107,1,0,0,0,0,0
USA39109,19107,1,0,0,0,0,0
USA38737,19107,1,0,0,0,0,0
USA38709,19107,1,0,0,0,0,0
USA38232,19107,1,0,0,0,0,0
USA38137,19107,1,0,0,0,0,0
USA37920,19107,1,0,0,0,0,0
USA52805,19107,1,0,0,0,0,0
USA50504,17602,1,0,0,0,0,0
USA50216,17602,1,0,0,0,0,0
USA48463,17602,1,0,0,0,0,0
USA47538,17602,1,0,0,0,0,0
USA47514,17602,1,0,0,0,0,0
USA47487,17602,1,0,0,0,0,0
USA47448,17602,1,0,0,0,0,0
USA47426,17602,1,0,0,0,0,0
USA44983,17602,1,0,0,0,0,0
USA44669,17602,1,0,0,0,0,0
USA43679,17602,1,0,0,0,0,0
USA42558,17602,1,0,0,0,0,0
USA42409,17602,1,0,0,0,0,0
USA50810,17102,1,0,0,0,0,0
USA50214,17102,1,0,0,0,0,0
USA49863,17102,1,0,0,0,0,0
USA49335,17102,1,0,0,0,0,0
USA49117,17102,1,0,0,0,0,0
USA49118,17102,1,0,0,0,0,0
USA48247,17102,1,0,0,0,0,0
USA47900,17102,1,0,0,0,0,0
USA47901,17102,1,0,0,0,0,0
USA47874,17102,1,0,0,0,0,0
USA47747,17102,1,0,0,0,0,0
USA47662,17102,1,0,0,0,0,0
USA47563,17102,1,0,0,0,0,0
USA47513,17102,1,0,0,0,0,0
USA47484,17102,1,0,0,0,0,0
USA47445,17102,1,0,0,0,0,0
USA47422,17102,1,0,0,0,0,0
USA46773,17102,1,0,0,0,0,0
USA45586,17102,1,0,0,0,0,0
USA45326,17102,1,0,0,0,0,0
USA45157,17102,1,0,0,0,0,0
USA45294,17102,1,0,0,0,0,0
USA44716,17102,1,0,0,0,0,0
USA44715,17102,1,0,0,0,0,0
USA44713,17102,1,0,0,0,0,0
USA44714,17102,1,0,0,0,0,0
USA44570,17102,1,0,0,0,0,0
USA44569,17102,1,0,0,0,0,0
USA44560,17102,1,0,0,0,0,0
USA44483,17102,1,0,0,0,0,0
USA44182,17102,1,0,0,0,0,0
USA44155,17102,1,0,0,0,0,0
USA44154,17102,1,0,0,0,0,0
USA44156,17102,1,0,0,0,0,0
USA44153,17102,1,0,0,0,0,0
USA44118,17102,1,0,0,0,0,0
USA44119,17102,1,0,0,0,0,0
USA44592,17102,1,0,0,0,0,0
USA43922,17102,1,0,0,0,0,0
USA43635,17102,1,0,0,0,0,0
USA43637,17102,1,0,0,0,0,0
USA43636,17102,1,0,0,0,0,0
USA43607,17102,1,0,0,0,0,0
USA50880,17102,1,0,0,0,0,0
USA43584,17102,1,0,0,0,0,0
USA43414,17102,1,0,0,0,0,0
USA42970,17102,1,0,0,0,0,0
USA42952,17102,1,0,0,0,0,0
USA42471,17102,1,0,0,0,0,0
USA42569,17102,1,0,0,0,0,0
USA42478,17102,1,0,0,0,0,0
USA42411,17102,1,0,0,0,0,0
USA41998,17102,1,0,0,0,0,0
USA42500,17102,1,0,0,0,0,0
USA42016,17102,1,0,0,0,0,0
USA42644,17102,1,0,0,0,0,0
USA42642,17102,1,0,0,0,0,0
USA50865,17102,1,0,0,0,0,0
USA42413,17102,1,0,0,0,0,0
USA41147,17102,1,0,0,0,0,0
USA41120,17102,1,0,0,0,0,0
USA39746,17102,1,0,0,0,0,0
USA39917,17102,1,0,0,0,0,0
USA39915,17102,1,0,0,0,0,0
USA39737,17102,1,0,0,0,0,0
USA39738,17102,1,0,0,0,0,0
USA39531,17102,1,0,0,0,0,0
USA39124,17102,1,0,0,0,0,0
USA63811,17102,1,0,0,0,0,0
USA38964,17102,1,0,0,0,0,0
USA38732,17102,1,0,0,0,0,0
USA38460,17102,1,0,0,0,0,0
USA40555,17102,1,0,0,0,0,0
USA51055,18701,1,0,0,0,0,0
USA49836,18701,1,0,0,0,0,0
USA47524,18701,1,0,0,0,0,0
USA47472,18701,1,0,0,0,0,0
USA47440,18701,1,0,0,0,0,0
USA47415,18701,1,0,0,0,0,0
USA47323,18701,1,0,0,0,0,0
USA46893,18701,1,0,0,0,0,0
USA46704,18701,1,0,0,0,0,0
USA46371,18701,1,0,0,0,0,0
USA46209,18701,1,0,0,0,0,0
USA45863,18701,1,0,0,0,0,0
USA44984,18701,1,0,0,0,0,0
USA44435,18701,1,0,0,0,0,0
USA43371,18701,1,0,0,0,0,0
USA42943,18701,1,0,0,0,0,0
USA42468,18701,1,0,0,0,0,0
USA40966,18701,1,0,0,0,0,0
USA40825,18701,1,0,0,0,0,0
USA38775,18701,1,0,0,0,0,0
USA50506,15068,1,0,0,0,0,0
USA46183,15068,1,0,0,0,0,0
USA45888,15068,1,0,0,0,0,0
USA45884,15068,1,0,0,0,0,0
USA39742,15068,1,0,0,0,0,0
USA51112,19380,1,0,0,0,0,0
USA49274,19380,1,0,0,0,0,0
USA48469,19380,1,0,0,0,0,0
USA44471,19380,1,0,0,0,0,0
USA43387,19380,1,0,0,0,0,0
USA51138,17401,1,0,0,0,0,0
USA50449,17401,1,0,0,0,0,0
USA50205,17401,1,0,0,0,0,0
USA48039,17401,1,0,0,0,0,0
USA46896,17401,1,0,0,0,0,0
USA46112,17401,1,0,0,0,0,0
USA50884,17401,1,0,0,0,0,0
USA50819,17401,1,0,0,0,0,0
USA50383,19113,1,0,0,0,0,0
USA49845,19113,1,0,0,0,0,0
USA42404,19113,1,0,0,0,0,0
USA41139,19113,1,0,0,0,0,0
USA50248,19533,1,0,0,0,0,0
USA50937,19533,1,0,0,0,0,0
USA40256,19533,1,0,0,0,0,0
USA50284,17815,1,0,0,0,0,0
USA50283,17815,1,0,0,0,0,0
USA50282,17815,1,0,0,0,0,0
USA50281,17815,1,0,0,0,0,0
USA50280,17815,1,0,0,0,0,0
USA44978,17815,1,0,0,0,0,0
USA44488,17815,1,0,0,0,0,0
USA43565,17815,1,0,0,0,0,0
USA50254,16801,1,0,0,0,0,0
USA50435,16801,1,0,0,0,0,0
USA50234,16801,1,0,0,0,0,0
USA50235,16801,1,0,0,0,0,0
USA50199,16801,1,0,0,0,0,0
USA49830,16801,1,0,0,0,0,0
USA49476,16801,1,0,0,0,0,0
USA49247,16801,0,0,0,0,1,0
USA48667,16801,1,0,0,0,0,0
USA48493,16801,1,0,0,0,0,0
USA48483,16801,1,0,0,0,0,0
USA47963,16801,1,0,0,0,0,0
USA47167,16801,1,0,0,0,0,0
USA46182,16801,1,0,0,0,0,0
USA44977,16801,1,0,0,0,0,0
USA43206,16801,1,0,0,0,0,0
USA42981,16801,1,0,0,0,0,0
USA45331,16801,0,0,0,0,0,1
USA41954,16801,1,0,0,0,0,0
USA41601,16801,1,0,0,0,0,0
USA41445,16801,1,0,0,0,0,0
USA40829,16801,1,0,0,0,0,0
USA40943,16801,1,0,0,0,0,0
USA39743,16801,1,0,0,0,0,0
USA39356,16801,1,0,0,0,0,0
USA38165,16801,1,0,0,0,0,0
USA50227,19601,1,0,0,0,0,0
USA49615,19601,1,0,0,0,0,0
USA47519,19601,1,0,0,0,0,0
USA47498,19601,1,0,0,0,0,0
USA47454,19601,1,0,0,0,0,0
USA45308,19601,1,0,0,0,0,0
USA42470,19601,1,0,0,0,0,0
USA41996,19601,1,0,0,0,0,0
USA41131,19601,1,0,0,0,0,0
USA40757,19601,1,0,0,0,0,0
USA37907,19601,1,0,0,0,0,0
USA50042,15144,1,0,0,0,0,0
USA50014,18018,0,0,0,1,0,0
USA44986,18018,1,0,0,0,0,0
USA44479,18018,1,0,0,0,0,0
USA43365,18018,1,0,0,0,0,0
USA41393,18018,1,0,0,0,0,0
USA49862,15101,1,0,0,0,0,0
USA49608,16501,1,0,0,0,0,0
USA49103,16501,1,0,0,0,0,0
USA48608,16501,1,0,0,0,0,0
USA45171,16501,1,0,0,0,0,0
USA44981,16501,1,0,0,0,0,0
USA44616,16501,1,0,0,0,0,0
USA44465,16501,1,0,0,0,0,0
USA44152,16501,1,0,0,0,0,0
USA43886,16501,1,0,0,0,0,0
USA43678,16501,1,0,0,0,0,0
USA42539,16501,1,0,0,0,0,0
USA40452,16501,1,0,0,0,0,0
USA39752,16501,1,0,0,0,0,0
USA39553,16501,1,0,0,0,0,0
USA38681,16501,1,0,0,0,0,0
USA49602,18102,1,0,0,0,0,0
USA49281,18102,0,1,0,0,0,0
USA49280,18102,0,1,0,0,0,0
USA49054,18102,1,0,0,0,0,0
USA48734,18102,0,1,0,0,0,0
USA47710,18102,0,1,0,0,0,0
USA47366,18102,0,1,0,0,0,0
USA46709,18102,1,0,0,0,0,0
USA45485,18102,0,1,0,0,0,0
USA46900,18102,1,0,0,0,0,0
USA44150,18102,1,0,0,0,0,0
USA44076,18102,0,1,0,0,0,0
USA42995,18102,1,0,0,0,0,0
USA42557,18102,1,0,0,0,0,0
USA49268,19079,0,0,0,0,1,0
USA47243,19079,1,0,0,0,0,0
USA46683,19079,1,0,0,0,0,0
USA49480,15401,0,0,0,1,0,0
USA49152,15132,1,0,0,0,0,0
USA40196,15132,1,0,0,0,0,0
USA49102,17022,1,0,0,0,0,0
USA40942,17022,1,0,0,0,0,0
USA49134,19047,1,0,0,0,0,0
USA46613,19047,1,0,0,0,0,0
USA46370,19047,0,0,1,0,0,0
USA44975,19047,1,0,0,0,0,0
USA48933,16648,1,0,0,0,0,0
USA46597,16648,1,0,0,0,0,0
USA42949,16648,1,0,0,0,0,0
USA38960,16648,1,0,0,0,0,0
USA48852,15228,1,0,0,0,0,0
USA42473,15228,1,0,0,0,0,0
USA63957,19067,1,0,0,0,0,0
USA63953,19072,1,0,0,0,0,0
USA63954,19072,0,1,0,0,0,0
USA63955,19072,0,1,0,0,0,0
USA48574,16601,1,0,0,0,0,0
USA48600,16214,1,0,0,0,0,0
USA43405,16214,1,0,0,0,0,0
USA48035,18901,1,0,0,0,0,0
USA46433,18901,1,0,0,0,0,0
USA45966,18901,1,0,0,0,0,0
USA44974,18901,1,0,0,0,0,0
USA43412,18901,1,0,0,0,0,0
USA42993,18901,1,0,0,0,0,0
USA43044,18901,1,0,0,0,0,0
USA43041,18901,1,0,0,0,0,0
USA42958,18901,1,0,0,0,0,0
USA42556,18901,1,0,0,0,0,0
USA39736,18901,1,0,0,0,0,0
USA47990,16509,1,0,0,0,0,0
USA47933,19355,0,0,1,0,0,0
USA47607,19355,1,0,0,0,0,0
USA42477,19355,1,0,0,0,0,0
USA47843,15801,1,0,0,0,0,0
USA47750,18704,1,0,0,0,0,0
USA46610,18704,1,0,0,0,0,0
USA47645,15901,1,0,0,0,0,0
USA45231,15901,1,0,0,0,0,0
USA44976,15901,1,0,0,0,0,0
USA43250,15901,1,0,0,0,0,0
USA47623,15626,0,1,0,0,0,0
USA47626,18064,1,0,0,0,0,0
USA47596,17976,1,0,0,0,0,0
USA47553,17976,1,0,0,0,0,0
USA47521,17976,1,0,0,0,0,0
USA47502,17976,1,0,0,0,0,0
USA47470,17976,1,0,0,0,0,0
USA47459,17976,1,0,0,0,0,0
USA47432,17976,1,0,0,0,0,0
USA47535,16037,1,0,0,0,0,0
USA47464,16037,1,0,0,0,0,0
USA47421,16037,1,0,0,0,0,0
USA47531,18042,1,0,0,0,0,0
USA47483,18042,1,0,0,0,0,0
USA47420,18042,1,0,0,0,0,0
USA46960,18042,1,0,0,0,0,0
USA45844,18042,1,0,0,0,0,0
USA45291,18042,1,0,0,0,0,0
USA42937,18042,1,0,0,0,0,0
USA38962,18042,1,0,0,0,0,0
USA47536,15642,1,0,0,0,0,0
USA47424,15642,1,0,0,0,0,0
USA47511,17011,1,0,0,0,0,0
USA47479,17011,1,0,0,0,0,0
USA47442,17011,1,0,0,0,0,0
USA47497,17901,1,0,0,0,0,0
USA47430,17901,1,0,0,0,0,0
USA44989,17901,1,0,0,0,0,0
USA42568,17901,1,0,0,0,0,0
USA47428,16101,1,0,0,0,0,0
USA47419,18301,1,0,0,0,0,0
USA41600,18301,1,0,0,0,0,0
USA47434,15301,1,0,0,0,0,0
USA39656,15301,1,0,0,0,0,0
USA47365,15001,1,0,0,0,0,0
USA38494,15001,1,0,0,0,0,0
USA47376,17201,1,0,0,0,0,0
USA41383,17201,1,0,0,0,0,0
USA38468,17201,1,0,0,0,0,0
USA47328,16001,0,1,0,0,0,0
USA47281,15146,1,0,0,0,0,0
USA42935,15146,1,0,0,0,0,0
USA47104,16323,1,0,0,0,0,0
USA46938,16323,1,0,0,0,0,0
USA46096,16323,1,0,0,0,0,0
USA46922,19342,1,0,0,0,0,0
USA46506,15037,1,0,0,0,0,0
USA46434,15601,1,0,0,0,0,0
USA45194,15601,1,0,0,0,0,0
USA44489,15601,1,0,0,0,0,0
USA42007,15601,1,0,0,0,0,0
USA38201,15601,1,0,0,0,0,0
USA46093,17042,1,0,0,0,0,0
USA46007,17042,1,0,0,0,0,0
USA46062,17538,1,0,0,0,0,0
USA45126,17538,1,0,0,0,0,0
USA42957,17538,1,0,0,0,0,0
USA46061,15084,1,0,0,0,0,0
USA46006,16057,1,0,0,0,0,0
USA45919,19022,1,0,0,0,0,0
USA45887,17068,1,0,0,0,0,0
USA45886,17013,1,0,0,0,0,0
USA45174,17013,1,0,0,0,0,0
USA44979,17013,1,0,0,0,0,0
USA43096,17013,1,0,0,0,0,0
USA42540,17013,1,0,0,0,0,0
USA45874,15501,1,0,0,0,0,0
USA45861,17331,1,0,0,0,0,0
USA39532,17331,1,0,0,0,0,0
USA45843,19335,1,0,0,0,0,0
USA37988,19335,0,0,1,0,0,0
USA45839,17801,1,0,0,0,0,0
USA45092,19401,1,0,0,0,0,0
USA43940,19401,1,0,0,0,0,0
USA42895,19401,1,0,0,0,0,0
USA40785,19401,1,0,0,0,0,0
USA45189,18657,1,0,0,0,0,0
USA45297,18360,1,0,0,0,0,0
USA45187,18360,1,0,0,0,0,0
USA39735,18360,1,0,0,0,0,0
USA45197,19406,1,0,0,0,0,0
USA44490,19406,1,0,0,0,0,0
USA43367,19406,1,0,0,0,0,0
USA45180,19530,1,0,0,0,0,0
USA39510,19530,1,0,0,0,0,0
USA44980,19063,1,0,0,0,0,0
USA38112,19063,1,0,0,0,0,0
USA44982,18503,1,0,0,0,0,0
USA44464,18503,1,0,0,0,0,0
USA44157,18503,1,0,0,0,0,0
USA43347,18503,1,0,0,0,0,0
USA42008,18503,1,0,0,0,0,0
USA44985,16134,1,0,0,0,0,0
USA43705,16134,1,0,0,0,0,0
USA44764,15370,1,0,0,0,0,0
USA39184,15370,1,0,0,0,0,0
USA44683,17543,1,0,0,0,0,0
USA44684,19440,1,0,0,0,0,0
USA44668,19610,1,0,0,0,0,0
USA44617,15090,1,0,0,0,0,0
USA44593,18201,1,0,0,0,0,0
USA44544,19464,1,0,0,0,0,0
USA44121,19464,1,0,0,0,0,0
USA42450,19464,1,0,0,0,0,0
USA40723,19464,1,0,0,0,0,0
USA44439,16137,1,0,0,0,0,0
USA43558,16137,1,0,0,0,0,0
USA44181,15009,1,0,0,0,0,0
USA44151,15009,1,0,0,0,0,0
USA44122,17579,1,0,0,0,0,0
USA44117,16415,1,0,0,0,0,0
USA39779,16415,1,0,0,0,0,0
USA44077,15701,1,0,0,0,0,0
USA43867,19460,1,0,0,0,0,0
USA43836,17701,1,0,0,0,0,0
USA43761,18612,1,0,0,0,0,0
USA43229,16121,1,0,0,0,0,0
USA47783,17019,1,0,0,0,0,0
USA43202,15825,1,0,0,0,0,0
USA43540,16365,1,0,0,0,0,0
USA42962,15025,1,0,0,0,0,0
USA42676,19026,1,0,0,0,0,0
USA42678,15552,1,0,0,0,0,0
USA42412,19015,1,0,0,0,0,0
USA42472,16301,1,0,0,0,0,0
USA42469,18517,1,0,0,0,0,0
USA42467,15010,1,0,0,0,0,0
USA42742,19003,0,1,0,0,0,0
USA41434,16828,1,0,0,0,0,0
USA41103,18013,0,1,0,0,0,0
USA41104,15613,0,1,0,0,0,0
USA40731,16201,1,0,0,0,0,0
USA40732,16201,1,0,0,0,0,0
USA40730,16201,1,0,0,0,0,0
USA40728,16201,1,0,0,0,0,0
USA40729,16201,1,0,0,0,0,0
USA40773,19050,1,0,0,0,0,0
USA40712,15650,1,0,0,0,0,0
USA39749,15650,1,0,0,0,0,0
USA40200,19083,1,0,0,0,0,0
USA40375,19405,1,0,0,0,0,0
USA40378,17325,1,0,0,0,0,0
USA40469,17325,1,0,0,0,0,0
USA39747,15143,1,0,0,0,0,0
USA39761,15639,1,0,0,0,0,0
USA40518,16651,1,0,0,0,0,0
USA39745,18229,1,0,0,0,0,0
USA39744,16866,1,0,0,0,0,0
USA39871,16133,1,0,0,0,0,0
USA39920,16511,1,0,0,0,0,0
USA40545,16335,1,0,0,0,0,0
USA39498,17837,1,0,0,0,0,0
USA38736,15767,1,0,0,0,0,0
USA38244,15940,1,0,0,0,0,0
USA37987,19075,1,0,0,0,0,0
USA37905,15668,1,0,0,0,0,0
USA37958,17408,1,0,0,0,0,0
