Event ID,unions,environment,gun-violence,healthcare,label,label_num
USA50610,1,0,0,0,unions,2
USA50576,1,0,0,0,unions,2
USA50583,0,0,0,1,healthcare,4
USA50809,1,0,0,0,unions,2
USA50503,1,0,0,0,unions,2
USA51057,0,0,0,1,healthcare,4
USA50946,1,0,0,0,unions,2
USA51020,1,0,0,0,unions,2
USA50504,0,0,1,0,gun-violence,3
USA51011,1,0,0,0,unions,2
USA50810,0,1,0,0,environment,1
USA51017,1,0,0,0,unions,2
USA51023,1,0,0,0,unions,2
USA51055,0,1,0,0,environment,1
USA51141,0,0,1,0,gun-violence,3
USA51121,1,0,0,0,unions,2
USA50945,1,0,0,0,unions,2
USA51119,1,0,0,0,unions,2
USA51069,1,0,0,0,unions,2
USA50506,0,0,1,0,gun-violence,3
USA51112,1,0,0,0,unions,2
USA51071,1,0,0,0,unions,2
USA51142,1,0,0,0,unions,2
USA51072,1,0,0,0,unions,2
USA51138,0,1,0,0,environment,1
USA51070,1,0,0,0,unions,2
USA50505,0,0,1,0,gun-violence,3
USA50386,1,0,0,0,unions,2
USA50388,1,0,0,0,unions,2
USA50383,1,0,0,0,unions,2
USA50449,0,1,0,0,environment,1
USA50385,1,0,0,0,unions,2
USA50389,1,0,0,0,unions,2
USA50248,1,0,0,0,unions,2
USA50284,1,0,0,0,unions,2
USA52826,0,0,0,1,healthcare,4
USA50254,1,0,0,0,unions,2
USA50283,1,0,0,0,unions,2
USA50282,1,0,0,0,unions,2
USA50281,1,0,0,0,unions,2
USA50280,1,0,0,0,unions,2
USA50387,1,0,0,0,unions,2
USA50435,1,0,0,0,unions,2
USA50221,1,0,0,0,unions,2
USA50222,1,0,0,0,unions,2
USA50234,1,0,0,0,unions,2
USA50235,1,0,0,0,unions,2
USA52825,0,0,0,1,healthcare,4
USA50227,0,0,1,0,gun-violence,3
USA50223,1,0,0,0,unions,2
USA50214,0,0,1,0,gun-violence,3
USA50216,0,0,1,0,gun-violence,3
USA50220,1,0,0,0,unions,2
USA50199,0,1,0,0,environment,1
USA50032,1,0,0,0,unions,2
USA50042,1,0,0,0,unions,2
USA50036,1,0,0,0,unions,2
USA52824,0,0,0,1,healthcare,4
USA50037,1,0,0,0,unions,2
USA50035,1,0,0,0,unions,2
USA50031,0,1,0,0,environment,1
USA50014,0,1,0,0,environment,1
USA50033,1,0,0,0,unions,2
USA50224,1,0,0,0,unions,2
USA50034,1,0,0,0,unions,2
USA49854,1,0,0,0,unions,2
USA49862,1,0,0,0,unions,2
USA49861,1,0,0,0,unions,2
USA49830,1,0,0,0,unions,2
USA49873,0,1,0,0,environment,1
USA50205,1,0,0,0,unions,2
USA49867,1,0,0,0,unions,2
USA49863,1,0,0,0,unions,2
USA52830,0,0,0,1,healthcare,4
USA49846,1,0,0,0,unions,2
USA49845,1,0,0,0,unions,2
USA49832,1,0,0,0,unions,2
USA49836,1,0,0,0,unions,2
USA49848,0,0,0,1,healthcare,4
USA49835,0,1,0,0,environment,1
USA49831,0,1,0,0,environment,1
USA49615,0,0,1,0,gun-violence,3
USA49614,1,0,0,0,unions,2
USA49613,1,0,0,0,unions,2
USA49608,0,1,0,0,environment,1
USA49610,1,0,0,0,unions,2
USA49611,1,0,0,0,unions,2
USA49602,1,0,0,0,unions,2
USA49612,1,0,0,0,unions,2
USA49476,1,0,0,0,unions,2
USA49429,1,0,0,0,unions,2
USA49268,0,1,0,0,environment,1
USA52823,0,0,0,1,healthcare,4
USA49430,1,0,0,0,unions,2
USA49428,1,0,0,0,unions,2
USA49480,0,1,0,0,environment,1
USA49427,1,0,0,0,unions,2
USA49281,0,1,0,0,environment,1
USA49201,0,0,0,1,healthcare,4
USA49280,0,1,0,0,environment,1
USA49206,1,0,0,0,unions,2
USA49431,1,0,0,0,unions,2
USA49152,0,0,0,1,healthcare,4
USA49054,1,0,0,0,unions,2
USA49200,0,0,1,0,gun-violence,3
USA49335,1,0,0,0,unions,2
USA49432,1,0,0,0,unions,2
USA49117,1,0,0,0,unions,2
USA49102,0,1,0,0,environment,1
USA49433,1,0,0,0,unions,2
USA49198,1,0,0,0,unions,2
USA49103,0,1,0,0,environment,1
USA49118,0,0,0,1,healthcare,4
USA49203,1,0,0,0,unions,2
USA49205,1,0,0,0,unions,2
USA49247,0,0,1,0,gun-violence,3
USA49199,0,1,0,0,environment,1
USA49134,0,1,0,0,environment,1
USA49204,1,0,0,0,unions,2
USA49006,1,0,0,0,unions,2
USA49434,1,0,0,0,unions,2
USA48998,1,0,0,0,unions,2
USA48933,0,0,1,0,gun-violence,3
USA49004,1,0,0,0,unions,2
USA49001,1,0,0,0,unions,2
USA49003,1,0,0,0,unions,2
USA52822,0,0,0,1,healthcare,4
USA49002,1,0,0,0,unions,2
USA49005,1,0,0,0,unions,2
USA48852,0,0,1,0,gun-violence,3
USA63957,0,1,0,0,environment,1
USA63953,0,1,0,0,environment,1
USA48860,0,0,1,0,gun-violence,3
USA63954,0,0,1,0,gun-violence,3
USA63955,0,1,0,0,environment,1
USA48829,0,0,0,1,healthcare,4
USA48999,1,0,0,0,unions,2
USA48830,0,0,1,0,gun-violence,3
USA48783,1,0,0,0,unions,2
USA49274,1,0,0,0,unions,2
USA48754,1,0,0,0,unions,2
USA48755,1,0,0,0,unions,2
USA52821,0,0,0,1,healthcare,4
USA48756,1,0,0,0,unions,2
USA48734,0,1,0,0,environment,1
USA49000,0,0,0,1,healthcare,4
USA48720,1,0,0,0,unions,2
USA48687,1,0,0,0,unions,2
USA48646,1,0,0,0,unions,2
USA48574,0,1,0,0,environment,1
USA48600,0,0,0,1,healthcare,4
USA48608,0,0,0,1,healthcare,4
USA48648,0,0,0,1,healthcare,4
USA48650,0,0,1,0,gun-violence,3
USA48647,1,0,0,0,unions,2
USA48667,0,0,0,1,healthcare,4
USA48504,1,0,0,0,unions,2
USA48505,1,0,0,0,unions,2
USA48570,0,1,0,0,environment,1
USA48495,1,0,0,0,unions,2
USA48499,1,0,0,0,unions,2
USA48492,1,0,0,0,unions,2
USA48493,0,0,1,0,gun-violence,3
USA48487,1,0,0,0,unions,2
USA48482,1,0,0,0,unions,2
USA48483,1,0,0,0,unions,2
USA48471,1,0,0,0,unions,2
USA48464,1,0,0,0,unions,2
USA48463,0,1,0,0,environment,1
USA48469,0,1,0,0,environment,1
USA48465,0,0,1,0,gun-violence,3
USA48068,1,0,0,0,unions,2
USA48460,1,0,0,0,unions,2
USA48247,0,0,1,0,gun-violence,3
USA48067,1,0,0,0,unions,2
USA48458,1,0,0,0,unions,2
USA48552,0,1,0,0,environment,1
USA48058,1,0,0,0,unions,2
USA52836,1,0,0,0,unions,2
USA48043,1,0,0,0,unions,2
USA48045,0,1,0,0,environment,1
USA48044,0,1,0,0,environment,1
USA48046,1,0,0,0,unions,2
USA48041,0,0,1,0,gun-violence,3
USA48039,1,0,0,0,unions,2
USA48035,1,0,0,0,unions,2
USA47990,0,1,0,0,environment,1
USA47989,1,0,0,0,unions,2
USA47988,0,0,0,1,healthcare,4
USA47963,1,0,0,0,unions,2
USA47934,1,0,0,0,unions,2
USA47933,0,1,0,0,environment,1
USA47935,0,1,0,0,environment,1
USA47900,0,0,0,1,healthcare,4
USA47901,0,0,1,0,gun-violence,3
USA56858,0,0,0,1,healthcare,4
USA47874,0,0,0,1,healthcare,4
USA47844,0,1,0,0,environment,1
USA47843,1,0,0,0,unions,2
USA47774,1,0,0,0,unions,2
USA47754,1,0,0,0,unions,2
USA47789,0,1,0,0,environment,1
USA47747,0,1,0,0,environment,1
USA47750,0,0,0,1,healthcare,4
USA47755,0,0,1,0,gun-violence,3
USA47729,1,0,0,0,unions,2
USA47730,0,1,0,0,environment,1
USA47710,0,1,0,0,environment,1
USA52820,1,0,0,0,unions,2
USA47662,0,0,1,0,gun-violence,3
USA47645,0,0,0,1,healthcare,4
USA47623,0,0,1,0,gun-violence,3
USA47626,0,1,0,0,environment,1
USA47629,0,0,1,0,gun-violence,3
USA47630,0,0,1,0,gun-violence,3
USA47596,0,0,0,1,healthcare,4
USA47593,1,0,0,0,unions,2
USA47563,0,0,0,1,healthcare,4
USA47548,0,1,0,0,environment,1
USA47607,1,0,0,0,unions,2
USA47535,0,0,0,1,healthcare,4
USA47553,0,0,0,1,healthcare,4
USA47531,0,0,0,1,healthcare,4
USA47536,0,0,0,1,healthcare,4
USA47538,0,0,0,1,healthcare,4
USA47514,0,0,0,1,healthcare,4
USA47511,0,0,0,1,healthcare,4
USA47513,0,0,0,1,healthcare,4
USA47519,0,0,0,1,healthcare,4
USA47521,0,0,0,1,healthcare,4
USA52834,0,0,0,1,healthcare,4
USA47524,0,0,0,1,healthcare,4
USA47479,0,0,0,1,healthcare,4
USA47487,0,0,0,1,healthcare,4
USA47502,0,0,0,1,healthcare,4
USA47483,1,0,0,0,unions,2
USA47484,0,0,0,1,healthcare,4
USA47497,0,0,0,1,healthcare,4
USA47498,0,0,0,1,healthcare,4
USA47464,0,0,0,1,healthcare,4
USA47470,0,0,0,1,healthcare,4
USA47472,0,0,0,1,healthcare,4
USA47442,0,0,0,1,healthcare,4
USA47445,0,0,0,1,healthcare,4
USA47448,0,0,0,1,healthcare,4
USA47454,0,0,0,1,healthcare,4
USA47459,0,0,0,1,healthcare,4
USA47420,0,0,0,1,healthcare,4
USA47421,0,0,0,1,healthcare,4
USA47424,0,0,0,1,healthcare,4
USA47428,0,0,0,1,healthcare,4
USA47432,0,0,0,1,healthcare,4
USA47422,0,0,0,1,healthcare,4
USA47426,0,0,0,1,healthcare,4
USA47419,0,0,0,1,healthcare,4
USA47434,0,0,0,1,healthcare,4
USA47430,0,0,0,1,healthcare,4
USA47440,0,0,0,1,healthcare,4
USA47365,0,0,1,0,gun-violence,3
USA47376,1,0,0,0,unions,2
USA47400,0,0,0,1,healthcare,4
USA47415,0,1,0,0,environment,1
USA47366,0,1,0,0,environment,1
USA47328,1,0,0,0,unions,2
USA52829,0,1,0,0,environment,1
USA47318,0,1,0,0,environment,1
USA47323,0,0,0,1,healthcare,4
USA47281,0,0,1,0,gun-violence,3
USA47286,0,1,0,0,environment,1
USA47243,0,0,1,0,gun-violence,3
USA47167,0,1,0,0,environment,1
USA52833,0,1,0,0,environment,1
USA47104,0,0,0,1,healthcare,4
USA47091,1,0,0,0,unions,2
USA47078,0,0,0,1,healthcare,4
USA47079,0,0,0,1,healthcare,4
USA47080,0,0,0,1,healthcare,4
USA47057,1,0,0,0,unions,2
USA47056,0,0,1,0,gun-violence,3
USA52819,1,0,0,0,unions,2
USA46969,0,1,0,0,environment,1
USA46960,0,0,0,1,healthcare,4
USA46938,0,0,0,1,healthcare,4
USA46922,0,1,0,0,environment,1
USA46896,1,0,0,0,unions,2
USA46893,0,0,0,1,healthcare,4
USA46709,1,0,0,0,unions,2
USA52842,0,1,0,0,environment,1
USA46848,0,1,0,0,environment,1
USA46773,0,0,1,0,gun-violence,3
USA46847,1,0,0,0,unions,2
USA46610,0,0,0,1,healthcare,4
USA46534,1,0,0,0,unions,2
USA46704,0,1,0,0,environment,1
USA52828,0,0,0,1,healthcare,4
USA46521,1,0,0,0,unions,2
USA46683,0,0,1,0,gun-violence,3
USA46535,1,0,0,0,unions,2
USA46597,0,0,0,1,healthcare,4
USA46651,0,1,0,0,environment,1
USA46613,0,1,0,0,environment,1
USA46506,0,0,1,0,gun-violence,3
USA46487,0,0,1,0,gun-violence,3
USA46433,0,1,0,0,environment,1
USA46434,0,1,0,0,environment,1
USA52818,1,0,0,0,unions,2
USA46435,0,0,0,1,healthcare,4
USA46371,1,0,0,0,unions,2
USA46370,0,1,0,0,environment,1
USA46309,0,1,0,0,environment,1
USA46310,1,0,0,0,unions,2
USA46297,0,0,1,0,gun-violence,3
USA46296,0,0,1,0,gun-violence,3
USA46335,0,1,0,0,environment,1
USA46263,1,0,0,0,unions,2
USA52837,1,0,0,0,unions,2
USA46850,1,0,0,0,unions,2
USA46209,0,0,0,1,healthcare,4
USA46183,0,0,0,1,healthcare,4
USA46849,1,0,0,0,unions,2
USA46182,0,0,0,1,healthcare,4
USA46112,0,0,0,1,healthcare,4
USA46111,1,0,0,0,unions,2
USA46094,1,0,0,0,unions,2
USA46093,0,0,1,0,gun-violence,3
USA46096,0,0,0,1,healthcare,4
USA46095,0,0,0,1,healthcare,4
USA46062,0,1,0,0,environment,1
USA46061,0,0,0,1,healthcare,4
USA46332,0,1,0,0,environment,1
USA52817,0,0,0,1,healthcare,4
USA46008,0,1,0,0,environment,1
USA46007,0,0,1,0,gun-violence,3
USA46006,0,0,1,0,gun-violence,3
USA45967,0,1,0,0,environment,1
USA45966,0,0,0,1,healthcare,4
USA50937,0,1,0,0,environment,1
USA45919,1,0,0,0,unions,2
USA45586,0,0,0,1,healthcare,4
USA45892,0,0,1,0,gun-violence,3
USA45887,1,0,0,0,unions,2
USA45886,1,0,0,0,unions,2
USA45888,0,0,1,0,gun-violence,3
USA45889,1,0,0,0,unions,2
USA45884,0,0,1,0,gun-violence,3
USA45874,0,0,0,1,healthcare,4
USA52816,0,0,0,1,healthcare,4
USA45861,0,0,0,1,healthcare,4
USA45863,0,0,0,1,healthcare,4
USA45862,0,0,0,1,healthcare,4
USA45707,0,0,1,0,gun-violence,3
USA45843,1,0,0,0,unions,2
USA45844,0,0,0,1,healthcare,4
USA45231,0,0,0,1,healthcare,4
USA45839,0,0,0,1,healthcare,4
USA45326,0,0,0,1,healthcare,4
USA45131,1,0,0,0,unions,2
USA45194,0,0,0,1,healthcare,4
USA45126,1,0,0,0,unions,2
USA45092,0,1,0,0,environment,1
USA45157,0,0,0,1,healthcare,4
USA45171,0,0,0,1,healthcare,4
USA45189,0,0,0,1,healthcare,4
USA52841,0,0,0,1,healthcare,4
USA45485,0,1,0,0,environment,1
USA45294,1,0,0,0,unions,2
USA45297,0,0,0,1,healthcare,4
USA45291,0,0,0,1,healthcare,4
USA45174,0,0,0,1,healthcare,4
USA45837,1,0,0,0,unions,2
USA45197,0,0,0,1,healthcare,4
USA45295,0,0,0,1,healthcare,4
USA45180,0,0,0,1,healthcare,4
USA45307,0,0,0,1,healthcare,4
USA45836,1,0,0,0,unions,2
USA45308,0,0,0,1,healthcare,4
USA44987,1,0,0,0,unions,2
USA44976,1,0,0,0,unions,2
USA45700,0,1,0,0,environment,1
USA44974,0,0,0,1,healthcare,4
USA44980,0,0,0,1,healthcare,4
USA44983,1,0,0,0,unions,2
USA44986,0,0,0,1,healthcare,4
USA44989,0,0,0,1,healthcare,4
USA44979,0,0,0,1,healthcare,4
USA44982,0,0,0,1,healthcare,4
USA44978,0,0,0,1,healthcare,4
USA44975,0,0,0,1,healthcare,4
USA44985,0,0,0,1,healthcare,4
USA44981,1,0,0,0,unions,2
USA45187,0,0,0,1,healthcare,4
USA44973,0,0,0,1,healthcare,4
USA45835,1,0,0,0,unions,2
USA44984,0,0,0,1,healthcare,4
USA44977,1,0,0,0,unions,2
USA44988,1,0,0,0,unions,2
USA44764,0,1,0,0,environment,1
USA45060,1,0,0,0,unions,2
USA44740,1,0,0,0,unions,2
USA44716,0,1,0,0,environment,1
USA44715,0,1,0,0,environment,1
USA44713,1,0,0,0,unions,2
USA44717,1,0,0,0,unions,2
USA52838,1,0,0,0,unions,2
USA46900,1,0,0,0,unions,2
USA44714,0,0,1,0,gun-violence,3
USA44697,1,0,0,0,unions,2
USA44698,0,0,1,0,gun-violence,3
USA44683,1,0,0,0,unions,2
USA44684,1,0,0,0,unions,2
USA44685,1,0,0,0,unions,2
USA44668,1,0,0,0,unions,2
USA44669,0,1,0,0,environment,1
USA44616,0,0,1,0,gun-violence,3
USA44617,0,0,1,0,gun-violence,3
USA44607,1,0,0,0,unions,2
USA44593,0,0,0,1,healthcare,4
USA44594,1,0,0,0,unions,2
USA44570,0,0,1,0,gun-violence,3
USA44571,1,0,0,0,unions,2
USA44572,0,1,0,0,environment,1
USA44569,1,0,0,0,unions,2
USA52815,0,0,0,1,healthcare,4
USA44560,0,1,0,0,environment,1
USA44544,0,0,1,0,gun-violence,3
USA44347,0,0,1,0,gun-violence,3
USA44487,1,0,0,0,unions,2
USA44483,0,1,0,0,environment,1
USA44464,0,0,1,0,gun-violence,3
USA44465,0,0,1,0,gun-violence,3
USA44471,0,0,1,0,gun-violence,3
USA44479,0,0,1,0,gun-violence,3
USA44489,0,0,1,0,gun-violence,3
USA44490,0,0,1,0,gun-violence,3
USA44488,0,0,1,0,gun-violence,3
USA44439,0,0,1,0,gun-violence,3
USA44469,0,0,1,0,gun-violence,3
USA44435,0,0,1,0,gun-violence,3
USA44419,0,0,1,0,gun-violence,3
USA44208,0,0,0,1,healthcare,4
USA44182,0,1,0,0,environment,1
USA44184,1,0,0,0,unions,2
USA44181,0,0,1,0,gun-violence,3
USA44183,0,0,1,0,gun-violence,3
USA44185,0,1,0,0,environment,1
USA44151,0,0,0,1,healthcare,4
USA44152,0,0,0,1,healthcare,4
USA44155,0,1,0,0,environment,1
USA44157,0,0,0,1,healthcare,4
USA44154,1,0,0,0,unions,2
USA44156,1,0,0,0,unions,2
USA44150,0,0,0,1,healthcare,4
USA44153,0,0,0,1,healthcare,4
USA44118,0,0,1,0,gun-violence,3
USA44119,0,0,0,1,healthcare,4
USA44122,1,0,0,0,unions,2
USA44121,1,0,0,0,unions,2
USA44592,1,0,0,0,unions,2
USA44120,0,0,1,0,gun-violence,3
USA44117,0,0,1,0,gun-violence,3
USA44077,0,1,0,0,environment,1
USA44078,0,0,1,0,gun-violence,3
USA44076,0,1,0,0,environment,1
USA43943,0,0,1,0,gun-violence,3
USA43922,0,0,1,0,gun-violence,3
USA43942,0,0,1,0,gun-violence,3
USA43940,0,0,1,0,gun-violence,3
USA43886,0,0,1,0,gun-violence,3
USA43968,1,0,0,0,unions,2
USA43967,0,1,0,0,environment,1
USA58326,0,0,1,0,gun-violence,3
USA43901,1,0,0,0,unions,2
USA43864,1,0,0,0,unions,2
USA43865,0,1,0,0,environment,1
USA43867,0,0,1,0,gun-violence,3
USA43825,0,0,1,0,gun-violence,3
USA52814,0,0,0,1,healthcare,4
USA43836,0,0,1,0,gun-violence,3
USA43826,0,0,1,0,gun-violence,3
USA43761,0,0,1,0,gun-violence,3
USA43705,0,0,1,0,gun-violence,3
USA43706,0,0,1,0,gun-violence,3
USA43678,0,0,1,0,gun-violence,3
USA43679,0,0,1,0,gun-violence,3
USA43680,0,0,1,0,gun-violence,3
USA43635,0,0,0,1,healthcare,4
USA43638,1,0,0,0,unions,2
USA43637,1,0,0,0,unions,2
USA43636,0,0,1,0,gun-violence,3
USA43607,0,0,0,1,healthcare,4
USA43608,0,0,1,0,gun-violence,3
USA50880,0,1,0,0,environment,1
USA52813,0,0,0,1,healthcare,4
USA43584,0,0,1,0,gun-violence,3
USA43565,0,1,0,0,environment,1
USA43558,1,0,0,0,unions,2
USA43250,1,0,0,0,unions,2
USA43247,0,1,0,0,environment,1
USA43229,0,1,0,0,environment,1
USA47783,0,1,0,0,environment,1
USA43206,0,0,1,0,gun-violence,3
USA52812,0,0,0,1,healthcare,4
USA43221,0,0,1,0,gun-violence,3
USA43202,0,0,0,1,healthcare,4
USA43347,0,0,0,1,healthcare,4
USA43338,1,0,0,0,unions,2
USA43540,0,0,0,1,healthcare,4
USA43387,0,0,0,1,healthcare,4
USA43388,0,0,0,1,healthcare,4
USA43412,0,0,0,1,healthcare,4
USA43414,0,0,0,1,healthcare,4
USA43367,0,0,0,1,healthcare,4
USA43405,0,0,0,1,healthcare,4
USA43365,0,0,0,1,healthcare,4
USA43096,1,0,0,0,unions,2
USA43384,0,0,0,1,healthcare,4
USA43371,0,0,0,1,healthcare,4
USA42995,1,0,0,0,unions,2
USA42996,0,0,0,1,healthcare,4
USA42993,1,0,0,0,unions,2
USA42977,1,0,0,0,unions,2
USA42973,1,0,0,0,unions,2
USA43044,0,1,0,0,environment,1
USA42970,0,1,0,0,environment,1
USA42962,0,1,0,0,environment,1
USA43041,0,1,0,0,environment,1
USA42980,0,1,0,0,environment,1
USA42676,0,0,0,1,healthcare,4
USA42949,0,0,0,1,healthcare,4
USA42957,0,1,0,0,environment,1
USA52811,0,1,0,0,environment,1
USA42952,0,0,0,1,healthcare,4
USA42958,0,1,0,0,environment,1
USA42886,0,0,0,1,healthcare,4
USA42895,0,0,0,1,healthcare,4
USA42943,0,0,0,1,healthcare,4
USA42937,0,0,0,1,healthcare,4
USA42981,0,0,0,1,healthcare,4
USA42982,0,0,0,1,healthcare,4
USA42935,1,0,0,0,unions,2
USA42868,0,0,0,1,healthcare,4
USA42934,0,0,0,1,healthcare,4
USA45331,0,0,1,0,gun-violence,3
USA42893,0,0,0,1,healthcare,4
USA42404,1,0,0,0,unions,2
USA42009,0,0,1,0,gun-violence,3
USA42678,0,0,0,1,healthcare,4
USA42412,0,0,0,1,healthcare,4
USA42472,0,0,0,1,healthcare,4
USA42469,0,0,0,1,healthcare,4
USA42470,0,0,0,1,healthcare,4
USA42471,0,0,0,1,healthcare,4
USA42473,0,0,0,1,healthcare,4
USA42467,0,0,0,1,healthcare,4
USA42558,0,0,0,1,healthcare,4
USA42620,0,1,0,0,environment,1
USA42468,0,0,0,1,healthcare,4
USA42569,0,0,0,1,healthcare,4
USA42539,0,0,0,1,healthcare,4
USA42557,0,0,0,1,healthcare,4
USA42568,0,0,0,1,healthcare,4
USA42540,0,0,0,1,healthcare,4
USA41956,0,0,0,1,healthcare,4
USA42556,0,0,0,1,healthcare,4
USA42570,0,0,0,1,healthcare,4
USA42478,0,1,0,0,environment,1
USA42409,1,0,0,0,unions,2
USA42389,1,0,0,0,unions,2
USA41996,0,0,1,0,gun-violence,3
USA42003,0,0,1,0,gun-violence,3
USA42008,1,0,0,0,unions,2
USA42490,0,0,0,1,healthcare,4
USA42649,0,0,1,0,gun-violence,3
USA41954,1,0,0,0,unions,2
USA42411,1,0,0,0,unions,2
USA42000,0,1,0,0,environment,1
USA52831,0,0,0,1,healthcare,4
USA41998,0,0,1,0,gun-violence,3
USA42500,1,0,0,0,unions,2
USA42450,0,1,0,0,environment,1
USA42016,0,0,1,0,gun-violence,3
USA42644,0,1,0,0,environment,1
USA42007,1,0,0,0,unions,2
USA42642,0,0,0,1,healthcare,4
USA42477,0,1,0,0,environment,1
USA42976,1,0,0,0,unions,2
USA41745,0,1,0,0,environment,1
USA42742,1,0,0,0,unions,2
USA41760,0,1,0,0,environment,1
USA41787,0,1,0,0,environment,1
USA41796,0,1,0,0,environment,1
USA41741,1,0,0,0,unions,2
USA41786,0,1,0,0,environment,1
USA41748,0,0,1,0,gun-violence,3
USA41785,0,1,0,0,environment,1
USA52840,0,1,0,0,environment,1
USA41809,0,0,1,0,gun-violence,3
USA41783,0,1,0,0,environment,1
USA41746,0,0,1,0,gun-violence,3
USA41546,0,0,1,0,gun-violence,3
USA41601,1,0,0,0,unions,2
USA41600,1,0,0,0,unions,2
USA41576,0,0,1,0,gun-violence,3
USA41596,1,0,0,0,unions,2
USA50865,1,0,0,0,unions,2
USA41625,0,0,1,0,gun-violence,3
USA52810,0,0,0,1,healthcare,4
USA42413,1,0,0,0,unions,2
USA41793,0,1,0,0,environment,1
USA41448,1,0,0,0,unions,2
USA41445,1,0,0,0,unions,2
USA41434,1,0,0,0,unions,2
USA50884,0,1,0,0,environment,1
USA52809,1,0,0,0,unions,2
USA41393,0,1,0,0,environment,1
USA41392,1,0,0,0,unions,2
USA41383,1,0,0,0,unions,2
USA41381,0,0,1,0,gun-violence,3
USA41369,1,0,0,0,unions,2
USA41096,1,0,0,0,unions,2
USA41126,1,0,0,0,unions,2
USA41139,1,0,0,0,unions,2
USA52808,0,0,0,1,healthcare,4
USA41147,1,0,0,0,unions,2
USA41359,0,1,0,0,environment,1
USA41120,0,0,0,1,healthcare,4
USA41192,0,0,1,0,gun-violence,3
USA41131,0,0,1,0,gun-violence,3
USA41103,0,1,0,0,environment,1
USA41104,0,1,0,0,environment,1
USA40849,1,0,0,0,unions,2
USA40898,0,0,0,1,healthcare,4
USA40872,1,0,0,0,unions,2
USA40851,0,0,0,1,healthcare,4
USA40829,0,0,0,1,healthcare,4
USA40925,1,0,0,0,unions,2
USA40942,1,0,0,0,unions,2
USA52678,0,0,1,0,gun-violence,3
USA40897,0,0,0,1,healthcare,4
USA40966,0,1,0,0,environment,1
USA40953,1,0,0,0,unions,2
USA40943,0,0,0,1,healthcare,4
USA40564,0,0,0,1,healthcare,4
USA40825,1,0,0,0,unions,2
USA40731,0,0,0,1,healthcare,4
USA40827,1,0,0,0,unions,2
USA40732,0,0,0,1,healthcare,4
USA40730,0,0,0,1,healthcare,4
USA40824,0,0,0,1,healthcare,4
USA40773,1,0,0,0,unions,2
USA40785,1,0,0,0,unions,2
USA40723,1,0,0,0,unions,2
USA40712,1,0,0,0,unions,2
USA50819,1,0,0,0,unions,2
USA52832,1,0,0,0,unions,2
USA40757,1,0,0,0,unions,2
USA40728,0,0,0,1,healthcare,4
USA40729,0,0,0,1,healthcare,4
USA40166,0,0,0,1,healthcare,4
USA40779,1,0,0,0,unions,2
USA40167,1,0,0,0,unions,2
USA40182,0,1,0,0,environment,1
USA40196,0,0,1,0,gun-violence,3
USA40200,1,0,0,0,unions,2
USA40235,0,0,0,1,healthcare,4
USA40256,0,1,0,0,environment,1
USA52807,1,0,0,0,unions,2
USA40258,0,0,0,1,healthcare,4
USA40355,1,0,0,0,unions,2
USA40375,1,0,0,0,unions,2
USA40378,0,1,0,0,environment,1
USA40155,0,0,1,0,gun-violence,3
USA40387,0,0,0,1,healthcare,4
USA40452,0,1,0,0,environment,1
USA40469,0,1,0,0,environment,1
USA40465,1,0,0,0,unions,2
USA40478,0,0,1,0,gun-violence,3
USA39750,0,0,1,0,gun-violence,3
USA39747,0,1,0,0,environment,1
USA39749,1,0,0,0,unions,2
USA39761,0,0,0,1,healthcare,4
USA39746,1,0,0,0,unions,2
USA40518,1,0,0,0,unions,2
USA39656,0,0,0,1,healthcare,4
USA39917,0,0,0,1,healthcare,4
USA39745,0,1,0,0,environment,1
USA39744,0,1,0,0,environment,1
USA39743,1,0,0,0,unions,2
USA39740,0,0,0,1,healthcare,4
USA39871,0,0,0,1,healthcare,4
USA39915,0,0,0,1,healthcare,4
USA39779,0,0,0,1,healthcare,4
USA39920,0,0,0,1,healthcare,4
USA39742,1,0,0,0,unions,2
USA42624,0,0,1,0,gun-violence,3
USA52806,0,0,0,1,healthcare,4
USA39737,0,1,0,0,environment,1
USA39752,0,1,0,0,environment,1
USA39739,1,0,0,0,unions,2
USA39733,0,0,0,1,healthcare,4
USA39735,0,1,0,0,environment,1
USA39736,1,0,0,0,unions,2
USA39734,0,1,0,0,environment,1
USA39738,0,1,0,0,environment,1
USA39751,0,1,0,0,environment,1
USA39421,0,1,0,0,environment,1
USA40545,1,0,0,0,unions,2
USA39415,1,0,0,0,unions,2
USA39422,1,0,0,0,unions,2
USA39510,1,0,0,0,unions,2
USA39416,0,1,0,0,environment,1
USA39356,1,0,0,0,unions,2
USA39423,1,0,0,0,unions,2
USA39424,0,1,0,0,environment,1
USA39417,0,1,0,0,environment,1
USA39498,1,0,0,0,unions,2
USA39418,0,0,1,0,gun-violence,3
USA39532,0,1,0,0,environment,1
USA39419,0,0,1,0,gun-violence,3
USA39531,1,0,0,0,unions,2
USA39184,1,0,0,0,unions,2
USA39420,0,0,1,0,gun-violence,3
USA39124,1,0,0,0,unions,2
USA39244,0,0,0,1,healthcare,4
USA56866,1,0,0,0,unions,2
USA39109,1,0,0,0,unions,2
USA39553,0,0,0,1,healthcare,4
USA63811,0,1,0,0,environment,1
USA38962,0,0,0,1,healthcare,4
USA38964,1,0,0,0,unions,2
USA38960,0,0,1,0,gun-violence,3
USA38920,0,0,1,0,gun-violence,3
USA38738,0,0,1,0,gun-violence,3
USA38736,0,1,0,0,environment,1
USA38732,0,0,1,0,gun-violence,3
USA38737,0,1,0,0,environment,1
USA38762,1,0,0,0,unions,2
USA38775,0,1,0,0,environment,1
USA38709,0,1,0,0,environment,1
USA38681,0,1,0,0,environment,1
USA38468,1,0,0,0,unions,2
USA38459,0,1,0,0,environment,1
USA38494,0,1,0,0,environment,1
USA38460,1,0,0,0,unions,2
USA40555,1,0,0,0,unions,2
USA38201,0,0,1,0,gun-violence,3
USA38244,0,0,0,1,healthcare,4
USA38232,0,1,0,0,environment,1
USA38165,0,0,0,1,healthcare,4
USA38112,0,0,1,0,gun-violence,3
USA38137,0,0,0,1,healthcare,4
USA38135,0,0,0,1,healthcare,4
USA37920,1,0,0,0,unions,2
USA37987,0,1,0,0,environment,1
USA37907,1,0,0,0,unions,2
USA37905,1,0,0,0,unions,2
USA37988,0,1,0,0,environment,1
USA37958,1,0,0,0,unions,2
USA37936,1,0,0,0,unions,2
USA37937,1,0,0,0,unions,2
USA52805,0,0,0,1,healthcare,4
