Event ID,racial-justice,unions,environment,gun-violence,healthcare
USA50610,1,0,0,0,0
USA50576,0,1,0,0,0
USA50583,0,0,0,0,1
USA50809,1,0,0,0,0
USA50503,0,1,0,0,0
USA51057,0,0,0,0,1
USA50946,0,1,0,0,0
USA51020,0,1,0,0,0
USA50504,0,0,0,1,0
USA51011,0,1,0,0,0
USA50810,1,0,0,0,0
USA51017,0,1,0,0,0
USA51023,0,1,0,0,0
USA51055,0,0,1,0,0
USA51141,1,0,0,0,0
USA51121,0,1,0,0,0
USA50945,0,1,0,0,0
USA51119,0,1,0,0,0
USA51069,0,1,0,0,0
USA50506,0,0,0,1,0
USA51112,0,1,0,0,0
USA51071,0,1,0,0,0
USA51142,0,1,0,0,0
USA51072,0,1,0,0,0
USA51138,0,0,1,0,0
USA51070,0,1,0,0,0
USA50505,0,0,0,1,0
USA50386,0,1,0,0,0
USA50388,0,1,0,0,0
USA50383,0,1,0,0,0
USA50449,0,0,1,0,0
USA50385,0,1,0,0,0
USA50389,0,1,0,0,0
USA50248,1,0,0,0,0
USA50284,0,1,0,0,0
USA52826,1,0,0,0,0
USA50254,0,1,0,0,0
USA50283,0,1,0,0,0
USA50282,0,1,0,0,0
USA50281,0,1,0,0,0
USA50280,0,1,0,0,0
USA50387,0,1,0,0,0
USA50435,0,1,0,0,0
USA50221,0,1,0,0,0
USA50222,0,1,0,0,0
USA50234,0,1,0,0,0
USA50235,0,1,0,0,0
USA52825,1,0,0,0,0
USA50227,0,0,0,1,0
