event_id_cnty,Month,ZCTA,event_count,event_count_prev
USA38494,2022-01,15001,1.0,
USA47365,2022-09,15001,1.0,0.0
USA44151,2022-06,15009,2.0,0.0
USA44181,2022-06,15009,2.0,0.0
USA42467,2022-05,15010,1.0,0.0
USA42962,2022-05,15025,1.0,0.0
USA48495,2022-10,15026,1.0,0.0
USA50576,2022-12,15026,1.0,0.0
USA46506,2022-07,15037,1.0,0.0
USA39742,2022-03,15068,1.0,0.0
USA45884,2022-07,15068,3.0,0.0
USA45888,2022-07,15068,3.0,0.0
USA46183,2022-07,15068,3.0,0.0
USA50506,2022-12,15068,1.0,0.0
USA46061,2022-07,15084,1.0,0.0
USA44617,2022-06,15090,1.0,0.0
USA49862,2022-11,15101,1.0,0.0
USA40196,2022-03,15132,1.0,0.0
USA49152,2022-10,15132,1.0,0.0
USA39747,2022-03,15143,1.0,0.0
USA50042,2022-11,15144,1.0,0.0
USA42935,2022-05,15146,1.0,0.0
USA47281,2022-08,15146,1.0,0.0
USA37936,2022-01,15219,5.0,
USA37937,2022-01,15219,5.0,
USA38135,2022-01,15219,5.0,
USA38459,2022-01,15219,5.0,
USA38762,2022-01,15219,5.0,
USA38738,2022-02,15219,10.0,5.0
USA38920,2022-02,15219,10.0,5.0
USA39244,2022-02,15219,10.0,5.0
USA39415,2022-02,15219,10.0,5.0
USA39416,2022-02,15219,10.0,5.0
USA39417,2022-02,15219,10.0,5.0
USA39418,2022-02,15219,10.0,5.0
USA39419,2022-02,15219,10.0,5.0
USA39420,2022-02,15219,10.0,5.0
USA39734,2022-02,15219,10.0,5.0
USA40258,2022-03,15219,10.0,10.0
USA40465,2022-03,15219,10.0,10.0
USA40478,2022-03,15219,10.0,10.0
USA40564,2022-03,15219,10.0,10.0
USA40779,2022-03,15219,10.0,10.0
USA40851,2022-03,15219,10.0,10.0
USA40897,2022-03,15219,10.0,10.0
USA40898,2022-03,15219,10.0,10.0
USA40925,2022-03,15219,10.0,10.0
USA41126,2022-03,15219,10.0,10.0
USA41381,2022-04,15219,10.0,10.0
USA41392,2022-04,15219,10.0,10.0
USA41546,2022-04,15219,10.0,10.0
USA41741,2022-04,15219,10.0,10.0
USA41745,2022-04,15219,10.0,10.0
USA41746,2022-04,15219,10.0,10.0
USA41748,2022-04,15219,10.0,10.0
USA41809,2022-04,15219,10.0,10.0
USA42490,2022-04,15219,10.0,10.0
USA42649,2022-04,15219,10.0,10.0
USA42570,2022-05,15219,8.0,10.0
USA42620,2022-05,15219,8.0,10.0
USA42868,2022-05,15219,8.0,10.0
USA42893,2022-05,15219,8.0,10.0
USA42934,2022-05,15219,8.0,10.0
USA43221,2022-05,15219,8.0,10.0
USA43384,2022-05,15219,8.0,10.0
USA43826,2022-05,15219,8.0,10.0
USA43901,2022-06,15219,9.0,8.0
USA44185,2022-06,15219,9.0,8.0
USA44208,2022-06,15219,9.0,8.0
USA44469,2022-06,15219,9.0,8.0
USA44973,2022-06,15219,9.0,8.0
USA45307,2022-06,15219,9.0,8.0
USA45835,2022-06,15219,9.0,8.0
USA45836,2022-06,15219,9.0,8.0
USA45837,2022-06,15219,9.0,8.0
USA45889,2022-07,15219,8.0,9.0
USA45892,2022-07,15219,8.0,9.0
USA46111,2022-07,15219,8.0,9.0
USA46296,2022-07,15219,8.0,9.0
USA46435,2022-07,15219,8.0,9.0
USA46651,2022-07,15219,8.0,9.0
USA46849,2022-07,15219,8.0,9.0
USA46850,2022-07,15219,8.0,9.0
USA46521,2022-08,15219,6.0,8.0
USA46535,2022-08,15219,6.0,8.0
USA47078,2022-08,15219,6.0,8.0
USA47079,2022-08,15219,6.0,8.0
USA47080,2022-08,15219,6.0,8.0
USA47318,2022-08,15219,6.0,8.0
USA47593,2022-09,15219,5.0,6.0
USA47630,2022-09,15219,5.0,6.0
USA47935,2022-09,15219,5.0,6.0
USA47989,2022-09,15219,5.0,6.0
USA48046,2022-09,15219,5.0,6.0
USA48465,2022-10,15219,21.0,5.0
USA48505,2022-10,15219,21.0,5.0
USA48570,2022-10,15219,21.0,5.0
USA48650,2022-10,15219,21.0,5.0
USA48756,2022-10,15219,21.0,5.0
USA48830,2022-10,15219,21.0,5.0
USA49001,2022-10,15219,21.0,5.0
USA49002,2022-10,15219,21.0,5.0
USA49003,2022-10,15219,21.0,5.0
USA49004,2022-10,15219,21.0,5.0
USA49005,2022-10,15219,21.0,5.0
USA49006,2022-10,15219,21.0,5.0
USA49203,2022-10,15219,21.0,5.0
USA49204,2022-10,15219,21.0,5.0
USA49205,2022-10,15219,21.0,5.0
USA49206,2022-10,15219,21.0,5.0
USA49428,2022-10,15219,21.0,5.0
USA49431,2022-10,15219,21.0,5.0
USA49432,2022-10,15219,21.0,5.0
USA49433,2022-10,15219,21.0,5.0
USA49434,2022-10,15219,21.0,5.0
USA49429,2022-11,15219,20.0,21.0
USA49430,2022-11,15219,20.0,21.0
USA49610,2022-11,15219,20.0,21.0
USA49611,2022-11,15219,20.0,21.0
USA49612,2022-11,15219,20.0,21.0
USA49613,2022-11,15219,20.0,21.0
USA49614,2022-11,15219,20.0,21.0
USA49832,2022-11,15219,20.0,21.0
USA49846,2022-11,15219,20.0,21.0
USA49861,2022-11,15219,20.0,21.0
USA49867,2022-11,15219,20.0,21.0
USA50033,2022-11,15219,20.0,21.0
USA50034,2022-11,15219,20.0,21.0
USA50035,2022-11,15219,20.0,21.0
USA50036,2022-11,15219,20.0,21.0
USA50037,2022-11,15219,20.0,21.0
USA50220,2022-11,15219,20.0,21.0
USA50222,2022-11,15219,20.0,21.0
USA50223,2022-11,15219,20.0,21.0
USA50224,2022-11,15219,20.0,21.0
USA50221,2022-12,15219,16.0,20.0
USA50385,2022-12,15219,16.0,20.0
USA50386,2022-12,15219,16.0,20.0
USA50387,2022-12,15219,16.0,20.0
USA50388,2022-12,15219,16.0,20.0
USA50389,2022-12,15219,16.0,20.0
USA50610,2022-12,15219,16.0,20.0
USA50945,2022-12,15219,16.0,20.0
USA50946,2022-12,15219,16.0,20.0
USA51011,2022-12,15219,16.0,20.0
USA51023,2022-12,15219,16.0,20.0
USA51069,2022-12,15219,16.0,20.0
USA51070,2022-12,15219,16.0,20.0
USA51071,2022-12,15219,16.0,20.0
USA51072,2022-12,15219,16.0,20.0
USA51119,2022-12,15219,16.0,20.0
USA42473,2022-05,15228,1.0,0.0
USA48852,2022-10,15228,1.0,0.0
USA39656,2022-03,15301,1.0,0.0
USA47434,2022-09,15301,1.0,0.0
USA39184,2022-02,15370,1.0,0.0
USA44764,2022-06,15370,1.0,0.0
USA49480,2022-10,15401,1.0,0.0
USA45874,2022-07,15501,1.0,0.0
USA42678,2022-05,15552,1.0,0.0
USA38201,2022-01,15601,1.0,
USA42007,2022-04,15601,1.0,0.0
USA44489,2022-06,15601,2.0,0.0
USA45194,2022-06,15601,2.0,0.0
USA46434,2022-07,15601,1.0,2.0
USA41104,2022-03,15613,1.0,0.0
USA47623,2022-09,15626,1.0,0.0
USA39761,2022-03,15639,1.0,0.0
USA47424,2022-09,15642,2.0,0.0
USA47536,2022-09,15642,2.0,0.0
USA39749,2022-03,15650,2.0,0.0
USA40712,2022-03,15650,2.0,0.0
USA37905,2022-01,15668,1.0,
USA44077,2022-06,15701,1.0,0.0
USA38736,2022-02,15767,1.0,0.0
USA47843,2022-09,15801,1.0,0.0
USA43202,2022-05,15825,1.0,0.0
USA43250,2022-05,15901,1.0,0.0
USA44976,2022-06,15901,1.0,1.0
USA45231,2022-07,15901,1.0,1.0
USA47645,2022-09,15901,1.0,0.0
USA38244,2022-01,15940,1.0,
USA47328,2022-08,16001,1.0,0.0
USA47421,2022-09,16037,3.0,0.0
USA47464,2022-09,16037,3.0,0.0
USA47535,2022-09,16037,3.0,0.0
USA46006,2022-07,16057,1.0,0.0
USA47428,2022-09,16101,1.0,0.0
USA43229,2022-05,16121,1.0,0.0
USA39871,2022-03,16133,1.0,0.0
USA43705,2022-05,16134,1.0,0.0
USA44985,2022-06,16134,1.0,1.0
USA43558,2022-05,16137,1.0,0.0
USA44439,2022-06,16137,1.0,1.0
USA40728,2022-03,16201,5.0,0.0
USA40729,2022-03,16201,5.0,0.0
USA40730,2022-03,16201,5.0,0.0
USA40731,2022-03,16201,5.0,0.0
USA40732,2022-03,16201,5.0,0.0
USA43405,2022-05,16214,1.0,0.0
USA48600,2022-10,16214,1.0,0.0
USA42472,2022-05,16301,1.0,0.0
USA46096,2022-07,16323,1.0,0.0
USA46938,2022-08,16323,2.0,1.0
USA47104,2022-08,16323,2.0,1.0
USA40545,2022-02,16335,1.0,0.0
USA43540,2022-05,16365,1.0,0.0
USA39779,2022-03,16415,1.0,0.0
USA44117,2022-06,16415,1.0,0.0
USA38681,2022-01,16501,1.0,
USA39553,2022-02,16501,2.0,1.0
USA39752,2022-02,16501,2.0,1.0
USA40452,2022-03,16501,1.0,2.0
USA42539,2022-05,16501,2.0,0.0
USA43678,2022-05,16501,2.0,0.0
USA43886,2022-06,16501,6.0,2.0
USA44152,2022-06,16501,6.0,2.0
USA44465,2022-06,16501,6.0,2.0
USA44616,2022-06,16501,6.0,2.0
USA44981,2022-06,16501,6.0,2.0
USA45171,2022-06,16501,6.0,2.0
USA48608,2022-10,16501,2.0,0.0
USA49103,2022-10,16501,2.0,0.0
USA49608,2022-11,16501,1.0,2.0
USA47990,2022-09,16509,1.0,0.0
USA39920,2022-03,16511,1.0,0.0
USA48574,2022-10,16601,1.0,0.0
USA38960,2022-02,16648,1.0,0.0
USA42949,2022-05,16648,1.0,0.0
USA46597,2022-07,16648,1.0,0.0
USA48933,2022-10,16648,1.0,0.0
USA40518,2022-03,16651,1.0,0.0
USA38165,2022-01,16801,1.0,
USA39356,2022-02,16801,1.0,1.0
USA39743,2022-03,16801,3.0,1.0
USA40829,2022-03,16801,3.0,1.0
USA40943,2022-03,16801,3.0,1.0
USA41445,2022-04,16801,3.0,3.0
USA41601,2022-04,16801,3.0,3.0
USA41954,2022-04,16801,3.0,3.0
USA42981,2022-05,16801,3.0,3.0
USA43206,2022-05,16801,3.0,3.0
USA45331,2022-05,16801,3.0,3.0
USA44977,2022-06,16801,1.0,3.0
USA46182,2022-07,16801,1.0,1.0
USA47167,2022-08,16801,1.0,1.0
USA47963,2022-09,16801,1.0,1.0
USA48483,2022-10,16801,4.0,1.0
USA48493,2022-10,16801,4.0,1.0
USA48667,2022-10,16801,4.0,1.0
USA49247,2022-10,16801,4.0,1.0
USA49476,2022-11,16801,5.0,4.0
USA49830,2022-11,16801,5.0,4.0
USA50199,2022-11,16801,5.0,4.0
USA50234,2022-11,16801,5.0,4.0
USA50235,2022-11,16801,5.0,4.0
USA50254,2022-12,16801,2.0,5.0
USA50435,2022-12,16801,2.0,5.0
USA41434,2022-04,16828,1.0,0.0
USA39744,2022-03,16866,1.0,0.0
USA47442,2022-09,17011,3.0,0.0
USA47479,2022-09,17011,3.0,0.0
USA47511,2022-09,17011,3.0,0.0
USA42540,2022-05,17013,2.0,0.0
USA43096,2022-05,17013,2.0,0.0
USA44979,2022-06,17013,2.0,2.0
USA45174,2022-06,17013,2.0,2.0
USA45886,2022-07,17013,1.0,2.0
USA47783,2022-05,17019,1.0,0.0
USA40942,2022-03,17022,1.0,0.0
USA49102,2022-10,17022,1.0,0.0
USA46007,2022-07,17042,2.0,0.0
USA46093,2022-07,17042,2.0,0.0
USA45887,2022-07,17068,1.0,0.0
USA38460,2022-01,17102,2.0,
USA40555,2022-01,17102,2.0,
USA38732,2022-02,17102,7.0,2.0
USA38964,2022-02,17102,7.0,2.0
USA39124,2022-02,17102,7.0,2.0
USA39531,2022-02,17102,7.0,2.0
USA39737,2022-02,17102,7.0,2.0
USA39738,2022-02,17102,7.0,2.0
USA63811,2022-02,17102,7.0,2.0
USA39746,2022-03,17102,5.0,7.0
USA39915,2022-03,17102,5.0,7.0
USA39917,2022-03,17102,5.0,7.0
USA41120,2022-03,17102,5.0,7.0
USA41147,2022-03,17102,5.0,7.0
USA41998,2022-04,17102,8.0,5.0
USA42016,2022-04,17102,8.0,5.0
USA42411,2022-04,17102,8.0,5.0
USA42413,2022-04,17102,8.0,5.0
USA42500,2022-04,17102,8.0,5.0
USA42642,2022-04,17102,8.0,5.0
USA42644,2022-04,17102,8.0,5.0
USA50865,2022-04,17102,8.0,5.0
USA42471,2022-05,17102,12.0,8.0
USA42478,2022-05,17102,12.0,8.0
USA42569,2022-05,17102,12.0,8.0
USA42952,2022-05,17102,12.0,8.0
USA42970,2022-05,17102,12.0,8.0
USA43414,2022-05,17102,12.0,8.0
USA43584,2022-05,17102,12.0,8.0
USA43607,2022-05,17102,12.0,8.0
USA43635,2022-05,17102,12.0,8.0
USA43636,2022-05,17102,12.0,8.0
USA43637,2022-05,17102,12.0,8.0
USA50880,2022-05,17102,12.0,8.0
USA43922,2022-06,17102,20.0,12.0
USA44118,2022-06,17102,20.0,12.0
USA44119,2022-06,17102,20.0,12.0
USA44153,2022-06,17102,20.0,12.0
USA44154,2022-06,17102,20.0,12.0
USA44155,2022-06,17102,20.0,12.0
USA44156,2022-06,17102,20.0,12.0
USA44182,2022-06,17102,20.0,12.0
USA44483,2022-06,17102,20.0,12.0
USA44560,2022-06,17102,20.0,12.0
USA44569,2022-06,17102,20.0,12.0
USA44570,2022-06,17102,20.0,12.0
USA44592,2022-06,17102,20.0,12.0
USA44713,2022-06,17102,20.0,12.0
USA44714,2022-06,17102,20.0,12.0
USA44715,2022-06,17102,20.0,12.0
USA44716,2022-06,17102,20.0,12.0
USA45157,2022-06,17102,20.0,12.0
USA45294,2022-06,17102,20.0,12.0
USA45326,2022-06,17102,20.0,12.0
USA45586,2022-07,17102,1.0,20.0
USA46773,2022-08,17102,1.0,1.0
USA47422,2022-09,17102,11.0,1.0
USA47445,2022-09,17102,11.0,1.0
USA47484,2022-09,17102,11.0,1.0
USA47513,2022-09,17102,11.0,1.0
USA47563,2022-09,17102,11.0,1.0
USA47662,2022-09,17102,11.0,1.0
USA47747,2022-09,17102,11.0,1.0
USA47874,2022-09,17102,11.0,1.0
USA47900,2022-09,17102,11.0,1.0
USA47901,2022-09,17102,11.0,1.0
USA48247,2022-09,17102,11.0,1.0
USA49117,2022-10,17102,3.0,11.0
USA49118,2022-10,17102,3.0,11.0
USA49335,2022-10,17102,3.0,11.0
USA49863,2022-11,17102,2.0,3.0
USA50214,2022-11,17102,2.0,3.0
USA50810,2022-12,17102,1.0,2.0
USA38468,2022-01,17201,1.0,
USA41383,2022-04,17201,1.0,0.0
USA47376,2022-09,17201,1.0,0.0
USA40378,2022-03,17325,2.0,0.0
USA40469,2022-03,17325,2.0,0.0
USA39532,2022-02,17331,1.0,0.0
USA45861,2022-07,17331,1.0,0.0
USA50819,2022-03,17401,1.0,0.0
USA50884,2022-04,17401,1.0,1.0
USA46112,2022-07,17401,1.0,0.0
USA46896,2022-08,17401,1.0,1.0
USA48039,2022-09,17401,1.0,1.0
USA50205,2022-11,17401,1.0,0.0
USA50449,2022-12,17401,2.0,1.0
USA51138,2022-12,17401,2.0,1.0
USA37958,2022-01,17408,1.0,
USA42957,2022-05,17538,1.0,0.0
USA45126,2022-06,17538,1.0,1.0
USA46062,2022-07,17538,1.0,1.0
USA44683,2022-06,17543,1.0,0.0
USA44122,2022-06,17579,1.0,0.0
USA42409,2022-05,17602,3.0,0.0
USA42558,2022-05,17602,3.0,0.0
USA43679,2022-05,17602,3.0,0.0
USA44669,2022-06,17602,2.0,3.0
USA44983,2022-06,17602,2.0,3.0
USA47426,2022-09,17602,5.0,0.0
USA47448,2022-09,17602,5.0,0.0
USA47487,2022-09,17602,5.0,0.0
USA47514,2022-09,17602,5.0,0.0
USA47538,2022-09,17602,5.0,0.0
USA48463,2022-10,17602,1.0,5.0
USA50216,2022-11,17602,1.0,1.0
USA50504,2022-12,17602,1.0,1.0
USA43836,2022-05,17701,1.0,0.0
USA45839,2022-07,17801,1.0,0.0
USA43565,2022-05,17815,1.0,0.0
USA44488,2022-06,17815,2.0,1.0
USA44978,2022-06,17815,2.0,1.0
USA50280,2022-12,17815,5.0,0.0
USA50281,2022-12,17815,5.0,0.0
USA50282,2022-12,17815,5.0,0.0
USA50283,2022-12,17815,5.0,0.0
USA50284,2022-12,17815,5.0,0.0
USA39498,2022-02,17837,1.0,0.0
USA42568,2022-05,17901,1.0,0.0
USA44989,2022-06,17901,1.0,1.0
USA47430,2022-09,17901,2.0,0.0
USA47497,2022-09,17901,2.0,0.0
USA47432,2022-09,17976,7.0,0.0
USA47459,2022-09,17976,7.0,0.0
USA47470,2022-09,17976,7.0,0.0
USA47502,2022-09,17976,7.0,0.0
USA47521,2022-09,17976,7.0,0.0
USA47553,2022-09,17976,7.0,0.0
USA47596,2022-09,17976,7.0,0.0
USA41103,2022-03,18013,1.0,0.0
USA41393,2022-04,18018,1.0,0.0
USA43365,2022-05,18018,1.0,1.0
USA44479,2022-06,18018,2.0,1.0
USA44986,2022-06,18018,2.0,1.0
USA50014,2022-11,18018,1.0,0.0
USA38962,2022-02,18042,1.0,0.0
USA42937,2022-05,18042,1.0,0.0
USA45291,2022-06,18042,1.0,1.0
USA45844,2022-07,18042,1.0,1.0
USA46960,2022-08,18042,1.0,1.0
USA47420,2022-09,18042,3.0,1.0
USA47483,2022-09,18042,3.0,1.0
USA47531,2022-09,18042,3.0,1.0
USA47626,2022-09,18064,1.0,0.0
USA42557,2022-05,18102,2.0,0.0
USA42995,2022-05,18102,2.0,0.0
USA44076,2022-06,18102,4.0,2.0
USA44150,2022-06,18102,4.0,2.0
USA45485,2022-06,18102,4.0,2.0
USA46900,2022-06,18102,4.0,2.0
USA46709,2022-08,18102,1.0,0.0
USA47366,2022-09,18102,2.0,1.0
USA47710,2022-09,18102,2.0,1.0
USA48734,2022-10,18102,4.0,2.0
USA49054,2022-10,18102,4.0,2.0
USA49280,2022-10,18102,4.0,2.0
USA49281,2022-10,18102,4.0,2.0
USA49602,2022-11,18102,1.0,4.0
USA44593,2022-06,18201,1.0,0.0
USA39745,2022-03,18229,1.0,0.0
USA41600,2022-04,18301,1.0,0.0
USA47419,2022-09,18301,1.0,0.0
USA39735,2022-02,18360,1.0,0.0
USA45187,2022-06,18360,2.0,0.0
USA45297,2022-06,18360,2.0,0.0
USA42008,2022-04,18503,1.0,0.0
USA43347,2022-05,18503,1.0,1.0
USA44157,2022-06,18503,3.0,1.0
USA44464,2022-06,18503,3.0,1.0
USA44982,2022-06,18503,3.0,1.0
USA42469,2022-05,18517,1.0,0.0
USA43761,2022-05,18612,1.0,0.0
USA45189,2022-06,18657,1.0,0.0
USA38775,2022-01,18701,1.0,
USA40825,2022-03,18701,2.0,0.0
USA40966,2022-03,18701,2.0,0.0
USA42468,2022-05,18701,3.0,0.0
USA42943,2022-05,18701,3.0,0.0
USA43371,2022-05,18701,3.0,0.0
USA44435,2022-06,18701,2.0,3.0
USA44984,2022-06,18701,2.0,3.0
USA45863,2022-07,18701,3.0,2.0
USA46209,2022-07,18701,3.0,2.0
USA46371,2022-07,18701,3.0,2.0
USA46704,2022-08,18701,3.0,3.0
USA46893,2022-08,18701,3.0,3.0
USA47323,2022-08,18701,3.0,3.0
USA47415,2022-09,18701,4.0,3.0
USA47440,2022-09,18701,4.0,3.0
USA47472,2022-09,18701,4.0,3.0
USA47524,2022-09,18701,4.0,3.0
USA49836,2022-11,18701,1.0,0.0
USA51055,2022-12,18701,1.0,1.0
USA46610,2022-08,18704,1.0,0.0
USA47750,2022-09,18704,1.0,1.0
USA39736,2022-02,18901,1.0,0.0
USA42556,2022-05,18901,6.0,0.0
USA42958,2022-05,18901,6.0,0.0
USA42993,2022-05,18901,6.0,0.0
USA43041,2022-05,18901,6.0,0.0
USA43044,2022-05,18901,6.0,0.0
USA43412,2022-05,18901,6.0,0.0
USA44974,2022-06,18901,1.0,6.0
USA45966,2022-07,18901,2.0,1.0
USA46433,2022-07,18901,2.0,1.0
USA48035,2022-09,18901,1.0,0.0
USA42742,2022-04,19003,1.0,0.0
USA42412,2022-05,19015,1.0,0.0
USA45919,2022-07,19022,1.0,0.0
USA42676,2022-05,19026,1.0,0.0
USA44975,2022-06,19047,1.0,0.0
USA46370,2022-07,19047,2.0,1.0
USA46613,2022-07,19047,2.0,1.0
USA49134,2022-10,19047,1.0,0.0
USA40773,2022-03,19050,1.0,0.0
USA38112,2022-01,19063,1.0,
USA44980,2022-06,19063,1.0,0.0
USA63957,2022-10,19067,1.0,0.0
USA63953,2022-10,19072,3.0,0.0
USA63954,2022-10,19072,3.0,0.0
USA63955,2022-10,19072,3.0,0.0
USA37987,2022-01,19075,1.0,
USA46683,2022-08,19079,2.0,0.0
USA47243,2022-08,19079,2.0,0.0
USA49268,2022-11,19079,1.0,0.0
USA40200,2022-03,19083,1.0,0.0
USA37920,2022-01,19107,6.0,
USA38137,2022-01,19107,6.0,
USA38232,2022-01,19107,6.0,
USA38709,2022-01,19107,6.0,
USA38737,2022-01,19107,6.0,
USA52805,2022-01,19107,6.0,
USA39109,2022-02,19107,9.0,6.0
USA39421,2022-02,19107,9.0,6.0
USA39422,2022-02,19107,9.0,6.0
USA39423,2022-02,19107,9.0,6.0
USA39424,2022-02,19107,9.0,6.0
USA39733,2022-02,19107,9.0,6.0
USA39739,2022-02,19107,9.0,6.0
USA39751,2022-02,19107,9.0,6.0
USA56866,2022-02,19107,9.0,6.0
USA39740,2022-03,19107,23.0,9.0
USA39750,2022-03,19107,23.0,9.0
USA40155,2022-03,19107,23.0,9.0
USA40166,2022-03,19107,23.0,9.0
USA40167,2022-03,19107,23.0,9.0
USA40182,2022-03,19107,23.0,9.0
USA40235,2022-03,19107,23.0,9.0
USA40355,2022-03,19107,23.0,9.0
USA40387,2022-03,19107,23.0,9.0
USA40824,2022-03,19107,23.0,9.0
USA40827,2022-03,19107,23.0,9.0
USA40849,2022-03,19107,23.0,9.0
USA40872,2022-03,19107,23.0,9.0
USA40953,2022-03,19107,23.0,9.0
USA41096,2022-03,19107,23.0,9.0
USA41192,2022-03,19107,23.0,9.0
USA41359,2022-03,19107,23.0,9.0
USA42624,2022-03,19107,23.0,9.0
USA52678,2022-03,19107,23.0,9.0
USA52806,2022-03,19107,23.0,9.0
USA52807,2022-03,19107,23.0,9.0
USA52808,2022-03,19107,23.0,9.0
USA52832,2022-03,19107,23.0,9.0
USA41369,2022-04,19107,19.0,23.0
USA41448,2022-04,19107,19.0,23.0
USA41576,2022-04,19107,19.0,23.0
USA41596,2022-04,19107,19.0,23.0
USA41625,2022-04,19107,19.0,23.0
USA41760,2022-04,19107,19.0,23.0
USA41783,2022-04,19107,19.0,23.0
USA41785,2022-04,19107,19.0,23.0
USA41786,2022-04,19107,19.0,23.0
USA41787,2022-04,19107,19.0,23.0
USA41793,2022-04,19107,19.0,23.0
USA41796,2022-04,19107,19.0,23.0
USA42000,2022-04,19107,19.0,23.0
USA42003,2022-04,19107,19.0,23.0
USA42976,2022-04,19107,19.0,23.0
USA52809,2022-04,19107,19.0,23.0
USA52810,2022-04,19107,19.0,23.0
USA52831,2022-04,19107,19.0,23.0
USA52840,2022-04,19107,19.0,23.0
USA41956,2022-05,19107,21.0,19.0
USA42009,2022-05,19107,21.0,19.0
USA42389,2022-05,19107,21.0,19.0
USA42886,2022-05,19107,21.0,19.0
USA42973,2022-05,19107,21.0,19.0
USA42977,2022-05,19107,21.0,19.0
USA42980,2022-05,19107,21.0,19.0
USA42982,2022-05,19107,21.0,19.0
USA42996,2022-05,19107,21.0,19.0
USA43247,2022-05,19107,21.0,19.0
USA43338,2022-05,19107,21.0,19.0
USA43388,2022-05,19107,21.0,19.0
USA43608,2022-05,19107,21.0,19.0
USA43638,2022-05,19107,21.0,19.0
USA43680,2022-05,19107,21.0,19.0
USA43706,2022-05,19107,21.0,19.0
USA43825,2022-05,19107,21.0,19.0
USA52811,2022-05,19107,21.0,19.0
USA52812,2022-05,19107,21.0,19.0
USA52813,2022-05,19107,21.0,19.0
USA52814,2022-05,19107,21.0,19.0
USA43864,2022-06,19107,32.0,21.0
USA43865,2022-06,19107,32.0,21.0
USA43942,2022-06,19107,32.0,21.0
USA43943,2022-06,19107,32.0,21.0
USA43967,2022-06,19107,32.0,21.0
USA43968,2022-06,19107,32.0,21.0
USA44078,2022-06,19107,32.0,21.0
USA44120,2022-06,19107,32.0,21.0
USA44183,2022-06,19107,32.0,21.0
USA44184,2022-06,19107,32.0,21.0
USA44347,2022-06,19107,32.0,21.0
USA44419,2022-06,19107,32.0,21.0
USA44487,2022-06,19107,32.0,21.0
USA44571,2022-06,19107,32.0,21.0
USA44572,2022-06,19107,32.0,21.0
USA44594,2022-06,19107,32.0,21.0
USA44607,2022-06,19107,32.0,21.0
USA44685,2022-06,19107,32.0,21.0
USA44697,2022-06,19107,32.0,21.0
USA44698,2022-06,19107,32.0,21.0
USA44717,2022-06,19107,32.0,21.0
USA44740,2022-06,19107,32.0,21.0
USA44987,2022-06,19107,32.0,21.0
USA44988,2022-06,19107,32.0,21.0
USA45060,2022-06,19107,32.0,21.0
USA45131,2022-06,19107,32.0,21.0
USA45295,2022-06,19107,32.0,21.0
USA45700,2022-06,19107,32.0,21.0
USA52815,2022-06,19107,32.0,21.0
USA52838,2022-06,19107,32.0,21.0
USA52841,2022-06,19107,32.0,21.0
USA58326,2022-06,19107,32.0,21.0
USA45707,2022-07,19107,17.0,32.0
USA45862,2022-07,19107,17.0,32.0
USA45967,2022-07,19107,17.0,32.0
USA46008,2022-07,19107,17.0,32.0
USA46094,2022-07,19107,17.0,32.0
USA46095,2022-07,19107,17.0,32.0
USA46263,2022-07,19107,17.0,32.0
USA46297,2022-07,19107,17.0,32.0
USA46309,2022-07,19107,17.0,32.0
USA46310,2022-07,19107,17.0,32.0
USA46332,2022-07,19107,17.0,32.0
USA46335,2022-07,19107,17.0,32.0
USA46487,2022-07,19107,17.0,32.0
USA52816,2022-07,19107,17.0,32.0
USA52817,2022-07,19107,17.0,32.0
USA52818,2022-07,19107,17.0,32.0
USA52837,2022-07,19107,17.0,32.0
USA46534,2022-08,19107,13.0,17.0
USA46847,2022-08,19107,13.0,17.0
USA46848,2022-08,19107,13.0,17.0
USA46969,2022-08,19107,13.0,17.0
USA47056,2022-08,19107,13.0,17.0
USA47057,2022-08,19107,13.0,17.0
USA47091,2022-08,19107,13.0,17.0
USA47286,2022-08,19107,13.0,17.0
USA52819,2022-08,19107,13.0,17.0
USA52828,2022-08,19107,13.0,17.0
USA52829,2022-08,19107,13.0,17.0
USA52833,2022-08,19107,13.0,17.0
USA52842,2022-08,19107,13.0,17.0
USA47400,2022-09,19107,26.0,13.0
USA47548,2022-09,19107,26.0,13.0
USA47629,2022-09,19107,26.0,13.0
USA47729,2022-09,19107,26.0,13.0
USA47730,2022-09,19107,26.0,13.0
USA47754,2022-09,19107,26.0,13.0
USA47755,2022-09,19107,26.0,13.0
USA47774,2022-09,19107,26.0,13.0
USA47789,2022-09,19107,26.0,13.0
USA47844,2022-09,19107,26.0,13.0
USA47934,2022-09,19107,26.0,13.0
USA47988,2022-09,19107,26.0,13.0
USA48041,2022-09,19107,26.0,13.0
USA48043,2022-09,19107,26.0,13.0
USA48044,2022-09,19107,26.0,13.0
USA48045,2022-09,19107,26.0,13.0
USA48058,2022-09,19107,26.0,13.0
USA48067,2022-09,19107,26.0,13.0
USA48068,2022-09,19107,26.0,13.0
USA48458,2022-09,19107,26.0,13.0
USA48460,2022-09,19107,26.0,13.0
USA48552,2022-09,19107,26.0,13.0
USA52820,2022-09,19107,26.0,13.0
USA52834,2022-09,19107,26.0,13.0
USA52836,2022-09,19107,26.0,13.0
USA56858,2022-09,19107,26.0,13.0
USA48464,2022-10,19107,27.0,26.0
USA48471,2022-10,19107,27.0,26.0
USA48482,2022-10,19107,27.0,26.0
USA48487,2022-10,19107,27.0,26.0
USA48492,2022-10,19107,27.0,26.0
USA48499,2022-10,19107,27.0,26.0
USA48504,2022-10,19107,27.0,26.0
USA48646,2022-10,19107,27.0,26.0
USA48647,2022-10,19107,27.0,26.0
USA48648,2022-10,19107,27.0,26.0
USA48687,2022-10,19107,27.0,26.0
USA48720,2022-10,19107,27.0,26.0
USA48754,2022-10,19107,27.0,26.0
USA48755,2022-10,19107,27.0,26.0
USA48783,2022-10,19107,27.0,26.0
USA48829,2022-10,19107,27.0,26.0
USA48860,2022-10,19107,27.0,26.0
USA48998,2022-10,19107,27.0,26.0
USA48999,2022-10,19107,27.0,26.0
USA49000,2022-10,19107,27.0,26.0
USA49198,2022-10,19107,27.0,26.0
USA49199,2022-10,19107,27.0,26.0
USA49200,2022-10,19107,27.0,26.0
USA49201,2022-10,19107,27.0,26.0
USA49427,2022-10,19107,27.0,26.0
USA52821,2022-10,19107,27.0,26.0
USA52822,2022-10,19107,27.0,26.0
USA49831,2022-11,19107,11.0,27.0
USA49835,2022-11,19107,11.0,27.0
USA49848,2022-11,19107,11.0,27.0
USA49854,2022-11,19107,11.0,27.0
USA49873,2022-11,19107,11.0,27.0
USA50031,2022-11,19107,11.0,27.0
USA50032,2022-11,19107,11.0,27.0
USA52823,2022-11,19107,11.0,27.0
USA52824,2022-11,19107,11.0,27.0
USA52825,2022-11,19107,11.0,27.0
USA52830,2022-11,19107,11.0,27.0
USA50503,2022-12,19107,11.0,11.0
USA50505,2022-12,19107,11.0,11.0
USA50583,2022-12,19107,11.0,11.0
USA50809,2022-12,19107,11.0,11.0
USA51017,2022-12,19107,11.0,11.0
USA51020,2022-12,19107,11.0,11.0
USA51057,2022-12,19107,11.0,11.0
USA51121,2022-12,19107,11.0,11.0
USA51141,2022-12,19107,11.0,11.0
USA51142,2022-12,19107,11.0,11.0
USA52826,2022-12,19107,11.0,11.0
USA41139,2022-03,19113,1.0,0.0
USA42404,2022-05,19113,1.0,0.0
USA49845,2022-11,19113,1.0,0.0
USA50383,2022-12,19113,1.0,1.0
USA37988,2022-01,19335,1.0,
USA45843,2022-07,19335,1.0,0.0
USA46922,2022-08,19342,1.0,0.0
USA42477,2022-04,19355,1.0,0.0
USA47607,2022-09,19355,2.0,0.0
USA47933,2022-09,19355,2.0,0.0
USA43387,2022-05,19380,1.0,0.0
USA44471,2022-06,19380,1.0,1.0
USA48469,2022-10,19380,2.0,0.0
USA49274,2022-10,19380,2.0,0.0
USA51112,2022-12,19380,1.0,0.0
USA40785,2022-03,19401,1.0,0.0
USA42895,2022-05,19401,1.0,0.0
USA43940,2022-06,19401,2.0,1.0
USA45092,2022-06,19401,2.0,1.0
USA40375,2022-03,19405,1.0,0.0
USA43367,2022-05,19406,1.0,0.0
USA44490,2022-06,19406,2.0,1.0
USA45197,2022-06,19406,2.0,1.0
USA44684,2022-06,19440,1.0,0.0
USA43867,2022-06,19460,1.0,0.0
USA40723,2022-03,19464,1.0,0.0
USA42450,2022-04,19464,1.0,1.0
USA44121,2022-06,19464,2.0,0.0
USA44544,2022-06,19464,2.0,0.0
USA39510,2022-02,19530,1.0,0.0
USA45180,2022-06,19530,1.0,0.0
USA40256,2022-03,19533,1.0,0.0
USA50937,2022-07,19533,1.0,0.0
USA50248,2022-12,19533,1.0,0.0
USA37907,2022-01,19601,1.0,
USA40757,2022-03,19601,2.0,0.0
USA41131,2022-03,19601,2.0,0.0
USA41996,2022-04,19601,1.0,2.0
USA42470,2022-05,19601,1.0,1.0
USA45308,2022-06,19601,1.0,1.0
USA47454,2022-09,19601,3.0,0.0
USA47498,2022-09,19601,3.0,0.0
USA47519,2022-09,19601,3.0,0.0
USA49615,2022-11,19601,2.0,0.0
USA50227,2022-11,19601,2.0,0.0
USA44668,2022-06,19610,1.0,0.0
