countyname,party_dem_2020,party_dem_2022,shift_party_dem_points,shift_party_dem_pct,party_rep_2020,party_rep_2022,shift_party_rep_points,shift_party_rep_pct,winning_party_2020,winning_party_2022,winning_party_shift
ADAMS,18207,17879,-328,-1.8,37523,38722,1199,3.2,0,0,No Shift
ALLEGHENY,429065,497272,68207,15.9,282324,246412,-35912,-12.72,1,1,No Shift
ARMSTRONG,8457,11051,2594,30.67,27489,24268,-3221,-11.72,0,0,No Shift
BEAVER,38122,47425,9303,24.4,54759,45575,-9184,-16.77,0,1,0 to 1
BEDFORD,4367,5766,1399,32.04,23025,22799,-226,-0.98,0,0,No Shift
BERKS,92895,104695,11800,12.7,109736,105415,-4321,-3.94,0,0,No Shift
BLAIR,17636,19594,1958,11.1,45306,46350,1044,2.3,0,0,No Shift
BRADFORD,8046,7857,-189,-2.35,21600,22693,1093,5.06,0,0,No Shift
BUCKS,204712,192221,-12491,-6.1,187367,186737,-630,-0.34,1,1,No Shift
BUTLER,37508,38375,867,2.31,74359,74317,-42,-0.06,0,0,No Shift
CAMBRIA,21730,31965,10235,47.1,48085,40931,-7154,-14.88,0,0,No Shift
CAMERON,634,746,112,17.67,1771,1710,-61,-3.44,0,0,No Shift
CARBON,11212,14014,2802,24.99,21984,20403,-1581,-7.19,0,0,No Shift
CENTRE,40055,38434,-1621,-4.05,36372,38501,2129,5.85,1,0,1 to 0
CHESTER,182372,151540,-30832,-16.91,128565,143727,15162,11.79,1,1,No Shift
CLARION,4678,5688,1010,21.59,14578,14331,-247,-1.69,0,0,No Shift
CLEARFIELD,9673,12893,3220,33.29,29203,27875,-1328,-4.55,0,0,No Shift
CLINTON,5502,6550,1048,19.05,11902,11695,-207,-1.74,0,0,No Shift
COLUMBIA,10532,12147,1615,15.33,20098,19897,-201,-1.0,0,0,No Shift
CRAWFORD,12924,14931,2007,15.53,28559,28797,238,0.83,0,0,No Shift
CUMBERLAND,62245,56547,-5698,-9.15,77212,82337,5125,6.64,0,0,No Shift
DAUPHIN,78983,80625,1642,2.08,66408,70526,4118,6.2,1,1,No Shift
DELAWARE,206423,194990,-11433,-5.54,118532,141980,23448,19.78,1,1,No Shift
ELK,4522,6419,1897,41.95,12140,10770,-1370,-11.29,0,0,No Shift
ERIE,68286,77473,9187,13.45,66869,63856,-3013,-4.51,1,1,No Shift
FAYETTE,20444,32647,12203,59.69,41227,34597,-6630,-16.08,0,0,No Shift
FRANKLIN,22422,22077,-345,-1.54,57245,58371,1126,1.97,0,0,No Shift
FULTON,1085,1536,451,41.57,6824,6520,-304,-4.45,0,0,No Shift
GREENE,4911,8202,3291,67.01,12579,10403,-2176,-17.3,0,0,No Shift
HUNTINGDON,5445,6637,1192,21.89,17061,17686,625,3.66,0,0,No Shift
INDIANA,12634,13845,1211,9.59,28089,24842,-3247,-11.56,0,0,No Shift
JEFFERSON,4527,5748,1221,26.97,17960,17776,-184,-1.02,0,0,No Shift
JUNIATA,2253,2766,513,22.77,9649,9370,-279,-2.89,0,0,No Shift
LACKAWANNA,61991,76321,14330,23.12,52334,44728,-7606,-14.53,1,1,No Shift
LANCASTER,115847,106712,-9135,-7.89,160209,170381,10172,6.35,0,0,No Shift
LAWRENCE,15978,21125,5147,32.21,29597,26554,-3043,-10.28,0,0,No Shift
LEBANON,23932,25505,1573,6.57,46731,48728,1997,4.27,0,0,No Shift
LEHIGH,98288,106809,8521,8.67,84259,79485,-4774,-5.67,1,1,No Shift
LUZERNE,64873,84683,19810,30.54,86929,78434,-8495,-9.77,0,1,0 to 1
LYCOMING,16971,18290,1319,7.77,41462,40828,-634,-1.53,0,0,No Shift
MCKEAN,5098,5422,324,6.36,14083,14615,532,3.78,0,0,No Shift
MERCER,21067,24908,3841,18.23,36143,34335,-1808,-5.0,0,0,No Shift
MIFFLIN,4603,5739,1136,24.68,16670,17100,430,2.58,0,0,No Shift
MONROE,44060,46286,2226,5.05,38726,36721,-2005,-5.18,1,1,No Shift
MONTGOMERY,319511,290098,-29413,-9.21,185460,196177,10717,5.78,1,1,No Shift
MONTOUR,3771,3780,9,0.24,5844,6065,221,3.78,0,0,No Shift
NORTHAMPTON,85087,91375,6288,7.39,83854,76158,-7696,-9.18,1,1,No Shift
NORTHUMBERLAND,12677,15768,3091,24.38,28952,28874,-78,-0.27,0,0,No Shift
PERRY,5950,6038,88,1.48,18293,19307,1014,5.54,0,0,No Shift
PHILADELPHIA,603790,731412,127622,21.14,132740,108382,-24358,-18.35,1,1,No Shift
PIKE,13019,12470,-549,-4.22,19213,18726,-487,-2.53,0,0,No Shift
POTTER,1726,1807,81,4.69,7239,7210,-29,-0.4,0,0,No Shift
SCHUYLKILL,20727,26988,6261,30.21,48871,47716,-1155,-2.36,0,0,No Shift
SNYDER,4910,4553,-357,-7.27,13983,14518,535,3.83,0,0,No Shift
SOMERSET,8654,11872,3218,37.19,31466,30399,-1067,-3.39,0,0,No Shift
SULLIVAN,921,1148,227,24.65,2619,2569,-50,-1.91,0,0,No Shift
SUSQUEHANNA,6236,6368,132,2.12,15207,15661,454,2.99,0,0,No Shift
TIOGA,4955,5013,58,1.17,15742,16171,429,2.73,0,0,No Shift
UNION,7475,7387,-88,-1.18,12356,13445,1089,8.81,0,0,No Shift
VENANGO,7585,8422,837,11.03,18569,18372,-197,-1.06,0,0,No Shift
WARREN,6066,6785,719,11.85,14237,14121,-116,-0.81,0,0,No Shift
WASHINGTON,45088,55369,10281,22.8,72080,64409,-7671,-10.64,0,0,No Shift
WAYNE,9191,8582,-609,-6.63,18637,18904,267,1.43,0,0,No Shift
WESTMORELAND,72129,90369,18240,25.29,130218,117710,-12508,-9.61,0,0,No Shift
WYOMING,4704,4756,52,1.11,9936,10280,344,3.46,0,0,No Shift
YORK,88114,91994,3880,4.4,146733,150648,3915,2.67,0,0,No Shift
