countyname,party_dem,party_rep,win_margin_abs,win_margin_pct,winning_party
ADAMS,18207,37523,19316,34.65996770141755,Republican
ALLEGHENY,429065,282324,146741,20.627392326842276,Democrat
ARMSTRONG,8457,27489,19032,52.94608579535971,Republican
BEAVER,38122,54759,16637,17.912167181662557,Republican
BEDFORD,4367,23025,18658,68.11477803738318,Republican
BERKS,92895,109736,16841,8.311166603333152,Republican
BLAIR,17636,45306,27670,43.96110705093578,Republican
BRADFORD,8046,21600,13554,45.71948998178507,Republican
BUCKS,204712,187367,17345,4.423853356083851,Democrat
BUTLER,37508,74359,36851,32.94179695531301,Republican
CAMBRIA,21730,48085,26355,37.74976724199671,Republican
CAMERON,634,1771,1137,47.27650727650728,Republican
CARBON,11212,21984,10772,32.44969273406434,Republican
CENTRE,40055,36372,3683,4.818977586455048,Democrat
CHESTER,182372,128565,53807,17.304791645896113,Democrat
CLARION,4678,14578,9900,51.412546738678856,Republican
CLEARFIELD,9673,29203,19530,50.236649861096815,Republican
CLINTON,5502,11902,6400,36.77315559641462,Republican
COLUMBIA,10532,20098,9566,31.230819458047666,Republican
CRAWFORD,12924,28559,15635,37.69013812887207,Republican
CUMBERLAND,62245,77212,14967,10.73234043468596,Republican
DAUPHIN,78983,66408,12575,8.649091071661932,Democrat
DELAWARE,206423,118532,87891,27.047129602560354,Democrat
ELK,4522,12140,7618,45.720801824510865,Republican
ERIE,68286,66869,1417,1.0484258813954348,Democrat
FAYETTE,20444,41227,20783,33.699794068524916,Republican
FOREST,728,1882,1154,44.21455938697318,Republican
FRANKLIN,22422,57245,34823,43.7106957711474,Republican
FULTON,1085,6824,5739,72.56290302187381,Republican
GREENE,4911,12579,7668,43.84219554030875,Republican
HUNTINGDON,5445,17061,11616,51.61290322580645,Republican
INDIANA,12634,28089,15455,37.9515261645753,Republican
JEFFERSON,4527,17960,13433,59.73673678125139,Republican
JUNIATA,2253,9649,7396,62.14081666946731,Republican
LACKAWANNA,61991,52334,9657,8.4469713535972,Democrat
LANCASTER,115847,160209,44362,16.069927840727967,Republican
LAWRENCE,15978,29597,13619,29.882611080636313,Republican
LEBANON,23932,46731,22799,32.26440994579907,Republican
LEHIGH,98288,84259,14029,7.685144099875648,Democrat
LUZERNE,64873,86929,22056,14.529452839883533,Republican
LYCOMING,16971,41462,24491,41.912960142385295,Republican
MCKEAN,5098,14083,8985,46.84323027996455,Republican
MERCER,21067,36143,15076,26.352036357280195,Republican
MIFFLIN,4603,16670,12067,56.724486438208054,Republican
MONROE,44060,38726,5334,6.443118401662116,Democrat
MONTGOMERY,319511,185460,134051,26.54627691491195,Democrat
MONTOUR,3771,5844,2073,21.5600624024961,Republican
NORTHAMPTON,85087,83854,1233,0.7298405952373905,Democrat
NORTHUMBERLAND,12677,28952,16275,39.09534218933916,Republican
PERRY,5950,18293,12343,50.913665800437236,Republican
PHILADELPHIA,603790,132740,471050,63.95530392516259,Democrat
PIKE,13019,19213,6194,19.21692727724001,Republican
POTTER,1726,7239,5513,61.494701617401006,Republican
SCHUYLKILL,20727,48871,28144,40.43794361906951,Republican
SNYDER,4910,13983,9073,48.023077330228126,Republican
SOMERSET,8654,31466,22812,56.85942173479561,Republican
SULLIVAN,921,2619,1698,47.96610169491525,Republican
SUSQUEHANNA,6236,15207,8971,41.83649675884904,Republican
TIOGA,4955,15742,10787,52.1186645407547,Republican
UNION,7475,12356,4881,24.61297967828148,Republican
VENANGO,7585,18569,10984,41.997400015294026,Republican
WARREN,6066,14237,8171,40.245283948185,Republican
WASHINGTON,45088,72080,26992,23.037006691246756,Republican
WAYNE,9191,18637,9446,33.94422883426764,Republican
WESTMORELAND,72129,130218,58089,28.707616124775758,Republican
WYOMING,4704,9936,5232,35.73770491803279,Republican
YORK,88114,146733,58619,24.960506201910178,Republican
